League,date,home_team,away_team,home_goals,away_goals,result,winner
Premier League,2024-08-16,Man United,Fulham,1,0,H,Man United
Premier League,2024-08-17,Ipswich,Liverpool,0,2,A,Liverpool
Premier League,2024-08-17,Arsenal,Wolves,2,0,H,Arsenal
Premier League,2024-08-17,Everton,Brighton,0,3,A,Brighton
Premier League,2024-08-17,Newcastle,Southampton,1,0,H,Newcastle
Premier League,2024-08-17,Nott'm Forest,Bournemouth,1,1,D,Draw
Premier League,2024-08-17,West Ham,Aston Villa,1,2,A,Aston Villa
Premier League,2024-08-18,Brentford,Crystal Palace,2,1,H,Brentford
Premier League,2024-08-18,Chelsea,Man City,0,2,A,Man City
Premier League,2024-08-19,Leicester,Tottenham,1,1,D,Draw
Premier League,2024-08-24,Brighton,Man United,2,1,H,Brighton
Premier League,2024-08-24,Crystal Palace,West Ham,0,2,A,West Ham
Premier League,2024-08-24,Fulham,Leicester,2,1,H,Fulham
Premier League,2024-08-24,Man City,Ipswich,4,1,H,Man City
Premier League,2024-08-24,Southampton,Nott'm Forest,0,1,A,Nott'm Forest
Premier League,2024-08-24,Tottenham,Everton,4,0,H,Tottenham
Premier League,2024-08-24,Aston Villa,Arsenal,0,2,A,Arsenal
Premier League,2024-08-25,Bournemouth,Newcastle,1,1,D,Draw
Premier League,2024-08-25,Wolves,Chelsea,2,6,A,Chelsea
Premier League,2024-08-25,Liverpool,Brentford,2,0,H,Liverpool
Premier League,2024-08-31,Arsenal,Brighton,1,1,D,Draw
Premier League,2024-08-31,Brentford,Southampton,3,1,H,Brentford
Premier League,2024-08-31,Everton,Bournemouth,2,3,A,Bournemouth
Premier League,2024-08-31,Ipswich,Fulham,1,1,D,Draw
Premier League,2024-08-31,Leicester,Aston Villa,1,2,A,Aston Villa
Premier League,2024-08-31,Nott'm Forest,Wolves,1,1,D,Draw
Premier League,2024-08-31,West Ham,Man City,1,3,A,Man City
Premier League,2024-09-01,Chelsea,Crystal Palace,1,1,D,Draw
Premier League,2024-09-01,Newcastle,Tottenham,2,1,H,Newcastle
Premier League,2024-09-01,Man United,Liverpool,0,3,A,Liverpool
Premier League,2024-09-14,Southampton,Man United,0,3,A,Man United
Premier League,2024-09-14,Brighton,Ipswich,0,0,D,Draw
Premier League,2024-09-14,Crystal Palace,Leicester,2,2,D,Draw
Premier League,2024-09-14,Fulham,West Ham,1,1,D,Draw
Premier League,2024-09-14,Liverpool,Nott'm Forest,0,1,A,Nott'm Forest
Premier League,2024-09-14,Man City,Brentford,2,1,H,Man City
Premier League,2024-09-14,Aston Villa,Everton,3,2,H,Aston Villa
Premier League,2024-09-14,Bournemouth,Chelsea,0,1,A,Chelsea
Premier League,2024-09-15,Tottenham,Arsenal,0,1,A,Arsenal
Premier League,2024-09-15,Wolves,Newcastle,1,2,A,Newcastle
Premier League,2024-09-21,West Ham,Chelsea,0,3,A,Chelsea
Premier League,2024-09-21,Aston Villa,Wolves,3,1,H,Aston Villa
Premier League,2024-09-21,Fulham,Newcastle,3,1,H,Fulham
Premier League,2024-09-21,Leicester,Everton,1,1,D,Draw
Premier League,2024-09-21,Liverpool,Bournemouth,3,0,H,Liverpool
Premier League,2024-09-21,Southampton,Ipswich,1,1,D,Draw
Premier League,2024-09-21,Tottenham,Brentford,3,1,H,Tottenham
Premier League,2024-09-21,Crystal Palace,Man United,0,0,D,Draw
Premier League,2024-09-22,Brighton,Nott'm Forest,2,2,D,Draw
Premier League,2024-09-22,Man City,Arsenal,2,2,D,Draw
Premier League,2024-09-28,Newcastle,Man City,1,1,D,Draw
Premier League,2024-09-28,Arsenal,Leicester,4,2,H,Arsenal
Premier League,2024-09-28,Brentford,West Ham,1,1,D,Draw
Premier League,2024-09-28,Chelsea,Brighton,4,2,H,Chelsea
Premier League,2024-09-28,Everton,Crystal Palace,2,1,H,Everton
Premier League,2024-09-28,Nott'm Forest,Fulham,0,1,A,Fulham
Premier League,2024-09-28,Wolves,Liverpool,1,2,A,Liverpool
Premier League,2024-09-29,Ipswich,Aston Villa,2,2,D,Draw
Premier League,2024-09-29,Man United,Tottenham,0,3,A,Tottenham
Premier League,2024-09-30,Bournemouth,Southampton,3,1,H,Bournemouth
Premier League,2024-10-05,Crystal Palace,Liverpool,0,1,A,Liverpool
Premier League,2024-10-05,Arsenal,Southampton,3,1,H,Arsenal
Premier League,2024-10-05,Brentford,Wolves,5,3,H,Brentford
Premier League,2024-10-05,Leicester,Bournemouth,1,0,H,Leicester
Premier League,2024-10-05,Man City,Fulham,3,2,H,Man City
Premier League,2024-10-05,West Ham,Ipswich,4,1,H,West Ham
Premier League,2024-10-05,Everton,Newcastle,0,0,D,Draw
Premier League,2024-10-06,Aston Villa,Man United,0,0,D,Draw
Premier League,2024-10-06,Chelsea,Nott'm Forest,1,1,D,Draw
Premier League,2024-10-06,Brighton,Tottenham,3,2,H,Brighton
Premier League,2024-10-19,Tottenham,West Ham,4,1,H,Tottenham
Premier League,2024-10-19,Fulham,Aston Villa,1,3,A,Aston Villa
Premier League,2024-10-19,Ipswich,Everton,0,2,A,Everton
Premier League,2024-10-19,Man United,Brentford,2,1,H,Man United
Premier League,2024-10-19,Newcastle,Brighton,0,1,A,Brighton
Premier League,2024-10-19,Southampton,Leicester,2,3,A,Leicester
Premier League,2024-10-19,Bournemouth,Arsenal,2,0,H,Bournemouth
Premier League,2024-10-20,Wolves,Man City,1,2,A,Man City
Premier League,2024-10-20,Liverpool,Chelsea,2,1,H,Liverpool
Premier League,2024-10-21,Nott'm Forest,Crystal Palace,1,0,H,Nott'm Forest
Premier League,2024-10-25,Leicester,Nott'm Forest,1,3,A,Nott'm Forest
Premier League,2024-10-26,Aston Villa,Bournemouth,1,1,D,Draw
Premier League,2024-10-26,Brentford,Ipswich,4,3,H,Brentford
Premier League,2024-10-26,Brighton,Wolves,2,2,D,Draw
Premier League,2024-10-26,Man City,Southampton,1,0,H,Man City
Premier League,2024-10-26,Everton,Fulham,1,1,D,Draw
Premier League,2024-10-27,Chelsea,Newcastle,2,1,H,Chelsea
Premier League,2024-10-27,Crystal Palace,Tottenham,1,0,H,Crystal Palace
Premier League,2024-10-27,West Ham,Man United,2,1,H,West Ham
Premier League,2024-10-27,Arsenal,Liverpool,2,2,D,Draw
Premier League,2024-11-02,Newcastle,Arsenal,1,0,H,Newcastle
Premier League,2024-11-02,Bournemouth,Man City,2,1,H,Bournemouth
Premier League,2024-11-02,Ipswich,Leicester,1,1,D,Draw
Premier League,2024-11-02,Liverpool,Brighton,2,1,H,Liverpool
Premier League,2024-11-02,Nott'm Forest,West Ham,3,0,H,Nott'm Forest
Premier League,2024-11-02,Southampton,Everton,1,0,H,Southampton
Premier League,2024-11-02,Wolves,Crystal Palace,2,2,D,Draw
Premier League,2024-11-03,Tottenham,Aston Villa,4,1,H,Tottenham
Premier League,2024-11-03,Man United,Chelsea,1,1,D,Draw
Premier League,2024-11-04,Fulham,Brentford,2,1,H,Fulham
Premier League,2024-11-09,Brentford,Bournemouth,3,2,H,Brentford
Premier League,2024-11-09,Crystal Palace,Fulham,0,2,A,Fulham
Premier League,2024-11-09,West Ham,Everton,0,0,D,Draw
Premier League,2024-11-09,Wolves,Southampton,2,0,H,Wolves
Premier League,2024-11-09,Brighton,Man City,2,1,H,Brighton
Premier League,2024-11-09,Liverpool,Aston Villa,2,0,H,Liverpool
Premier League,2024-11-10,Man United,Leicester,3,0,H,Man United
Premier League,2024-11-10,Nott'm Forest,Newcastle,1,3,A,Newcastle
Premier League,2024-11-10,Tottenham,Ipswich,1,2,A,Ipswich
Premier League,2024-11-10,Chelsea,Arsenal,1,1,D,Draw
Premier League,2024-11-23,Leicester,Chelsea,1,2,A,Chelsea
Premier League,2024-11-23,Arsenal,Nott'm Forest,3,0,H,Arsenal
Premier League,2024-11-23,Aston Villa,Crystal Palace,2,2,D,Draw
Premier League,2024-11-23,Bournemouth,Brighton,1,2,A,Brighton
Premier League,2024-11-23,Everton,Brentford,0,0,D,Draw
Premier League,2024-11-23,Fulham,Wolves,1,4,A,Wolves
Premier League,2024-11-23,Man City,Tottenham,0,4,A,Tottenham
Premier League,2024-11-24,Southampton,Liverpool,2,3,A,Liverpool
Premier League,2024-11-24,Ipswich,Man United,1,1,D,Draw
Premier League,2024-11-25,Newcastle,West Ham,0,2,A,West Ham
Premier League,2024-11-29,Brighton,Southampton,1,1,D,Draw
Premier League,2024-11-30,Brentford,Leicester,4,1,H,Brentford
Premier League,2024-11-30,Crystal Palace,Newcastle,1,1,D,Draw
Premier League,2024-11-30,Nott'm Forest,Ipswich,1,0,H,Nott'm Forest
Premier League,2024-11-30,Wolves,Bournemouth,2,4,A,Bournemouth
Premier League,2024-11-30,West Ham,Arsenal,2,5,A,Arsenal
Premier League,2024-12-01,Chelsea,Aston Villa,3,0,H,Chelsea
Premier League,2024-12-01,Man United,Everton,4,0,H,Man United
Premier League,2024-12-01,Tottenham,Fulham,1,1,D,Draw
Premier League,2024-12-01,Liverpool,Man City,2,0,H,Liverpool
Premier League,2024-12-03,Ipswich,Crystal Palace,0,1,A,Crystal Palace
Premier League,2024-12-03,Leicester,West Ham,3,1,H,Leicester
Premier League,2024-12-04,Everton,Wolves,4,0,H,Everton
Premier League,2024-12-04,Man City,Nott'm Forest,3,0,H,Man City
Premier League,2024-12-04,Newcastle,Liverpool,3,3,D,Draw
Premier League,2024-12-04,Southampton,Chelsea,1,5,A,Chelsea
Premier League,2024-12-04,Arsenal,Man United,2,0,H,Arsenal
Premier League,2024-12-04,Aston Villa,Brentford,3,1,H,Aston Villa
Premier League,2024-12-05,Fulham,Brighton,3,1,H,Fulham
Premier League,2024-12-05,Bournemouth,Tottenham,1,0,H,Bournemouth
Premier League,2024-12-07,Aston Villa,Southampton,1,0,H,Aston Villa
Premier League,2024-12-07,Brentford,Newcastle,4,2,H,Brentford
Premier League,2024-12-07,Crystal Palace,Man City,2,2,D,Draw
Premier League,2024-12-07,Man United,Nott'm Forest,2,3,A,Nott'm Forest
Premier League,2024-12-08,Fulham,Arsenal,1,1,D,Draw
Premier League,2024-12-08,Ipswich,Bournemouth,1,2,A,Bournemouth
Premier League,2024-12-08,Leicester,Brighton,2,2,D,Draw
Premier League,2024-12-08,Tottenham,Chelsea,3,4,A,Chelsea
Premier League,2024-12-09,West Ham,Wolves,2,1,H,West Ham
Premier League,2024-12-14,Arsenal,Everton,0,0,D,Draw
Premier League,2024-12-14,Liverpool,Fulham,2,2,D,Draw
Premier League,2024-12-14,Newcastle,Leicester,4,0,H,Newcastle
Premier League,2024-12-14,Wolves,Ipswich,1,2,A,Ipswich
Premier League,2024-12-14,Nott'm Forest,Aston Villa,2,1,H,Nott'm Forest
Premier League,2024-12-15,Brighton,Crystal Palace,1,3,A,Crystal Palace
Premier League,2024-12-15,Man City,Man United,1,2,A,Man United
Premier League,2024-12-15,Chelsea,Brentford,2,1,H,Chelsea
Premier League,2024-12-15,Southampton,Tottenham,0,5,A,Tottenham
Premier League,2024-12-16,Bournemouth,West Ham,1,1,D,Draw
Premier League,2024-12-21,Aston Villa,Man City,2,1,H,Aston Villa
Premier League,2024-12-21,Brentford,Nott'm Forest,0,2,A,Nott'm Forest
Premier League,2024-12-21,Ipswich,Newcastle,0,4,A,Newcastle
Premier League,2024-12-21,West Ham,Brighton,1,1,D,Draw
Premier League,2024-12-21,Crystal Palace,Arsenal,1,5,A,Arsenal
Premier League,2024-12-22,Everton,Chelsea,0,0,D,Draw
Premier League,2024-12-22,Fulham,Southampton,0,0,D,Draw
Premier League,2024-12-22,Leicester,Wolves,0,3,A,Wolves
Premier League,2024-12-22,Man United,Bournemouth,0,3,A,Bournemouth
Premier League,2024-12-22,Tottenham,Liverpool,3,6,A,Liverpool
Premier League,2024-12-26,Man City,Everton,1,1,D,Draw
Premier League,2024-12-26,Bournemouth,Crystal Palace,0,0,D,Draw
Premier League,2024-12-26,Chelsea,Fulham,1,2,A,Fulham
Premier League,2024-12-26,Newcastle,Aston Villa,3,0,H,Newcastle
Premier League,2024-12-26,Nott'm Forest,Tottenham,1,0,H,Nott'm Forest
Premier League,2024-12-26,Southampton,West Ham,0,1,A,West Ham
Premier League,2024-12-26,Wolves,Man United,2,0,H,Wolves
Premier League,2024-12-26,Liverpool,Leicester,3,1,H,Liverpool
Premier League,2024-12-27,Brighton,Brentford,0,0,D,Draw
Premier League,2024-12-27,Arsenal,Ipswich,1,0,H,Arsenal
Premier League,2024-12-29,Leicester,Man City,0,2,A,Man City
Premier League,2024-12-29,Crystal Palace,Southampton,2,1,H,Crystal Palace
Premier League,2024-12-29,Everton,Nott'm Forest,0,2,A,Nott'm Forest
Premier League,2024-12-29,Fulham,Bournemouth,2,2,D,Draw
Premier League,2024-12-29,Tottenham,Wolves,2,2,D,Draw
Premier League,2024-12-29,West Ham,Liverpool,0,5,A,Liverpool
Premier League,2024-12-30,Aston Villa,Brighton,2,2,D,Draw
Premier League,2024-12-30,Ipswich,Chelsea,2,0,H,Ipswich
Premier League,2024-12-30,Man United,Newcastle,0,2,A,Newcastle
Premier League,2025-01-01,Brentford,Arsenal,1,3,A,Arsenal
Premier League,2025-01-04,Tottenham,Newcastle,1,2,A,Newcastle
Premier League,2025-01-04,Aston Villa,Leicester,2,1,H,Aston Villa
Premier League,2025-01-04,Bournemouth,Everton,1,0,H,Bournemouth
Premier League,2025-01-04,Crystal Palace,Chelsea,1,1,D,Draw
Premier League,2025-01-04,Man City,West Ham,4,1,H,Man City
Premier League,2025-01-04,Southampton,Brentford,0,5,A,Brentford
Premier League,2025-01-04,Brighton,Arsenal,1,1,D,Draw
Premier League,2025-01-05,Fulham,Ipswich,2,2,D,Draw
Premier League,2025-01-05,Liverpool,Man United,2,2,D,Draw
Premier League,2025-01-06,Wolves,Nott'm Forest,0,3,A,Nott'm Forest
Premier League,2025-01-14,Brentford,Man City,2,2,D,Draw
Premier League,2025-01-14,Chelsea,Bournemouth,2,2,D,Draw
Premier League,2025-01-14,West Ham,Fulham,3,2,H,West Ham
Premier League,2025-01-14,Nott'm Forest,Liverpool,1,1,D,Draw
Premier League,2025-01-15,Everton,Aston Villa,0,1,A,Aston Villa
Premier League,2025-01-15,Leicester,Crystal Palace,0,2,A,Crystal Palace
Premier League,2025-01-15,Newcastle,Wolves,3,0,H,Newcastle
Premier League,2025-01-15,Arsenal,Tottenham,2,1,H,Arsenal
Premier League,2025-01-16,Ipswich,Brighton,0,2,A,Brighton
Premier League,2025-01-16,Man United,Southampton,3,1,H,Man United
Premier League,2025-01-18,Newcastle,Bournemouth,1,4,A,Bournemouth
Premier League,2025-01-18,Brentford,Liverpool,0,2,A,Liverpool
Premier League,2025-01-18,Leicester,Fulham,0,2,A,Fulham
Premier League,2025-01-18,West Ham,Crystal Palace,0,2,A,Crystal Palace
Premier League,2025-01-18,Arsenal,Aston Villa,2,2,D,Draw
Premier League,2025-01-19,Everton,Tottenham,3,2,H,Everton
Premier League,2025-01-19,Man United,Brighton,1,3,A,Brighton
Premier League,2025-01-19,Nott'm Forest,Southampton,3,2,H,Nott'm Forest
Premier League,2025-01-19,Ipswich,Man City,0,6,A,Man City
Premier League,2025-01-20,Chelsea,Wolves,3,1,H,Chelsea
Premier League,2025-01-25,Bournemouth,Nott'm Forest,5,0,H,Bournemouth
Premier League,2025-01-25,Brighton,Everton,0,1,A,Everton
Premier League,2025-01-25,Liverpool,Ipswich,4,1,H,Liverpool
Premier League,2025-01-25,Southampton,Newcastle,1,3,A,Newcastle
Premier League,2025-01-25,Wolves,Arsenal,0,1,A,Arsenal
Premier League,2025-01-25,Man City,Chelsea,3,1,H,Man City
Premier League,2025-01-26,Crystal Palace,Brentford,1,2,A,Brentford
Premier League,2025-01-26,Tottenham,Leicester,1,2,A,Leicester
Premier League,2025-01-26,Aston Villa,West Ham,1,1,D,Draw
Premier League,2025-01-26,Fulham,Man United,0,1,A,Man United
Premier League,2025-02-01,Nott'm Forest,Brighton,7,0,H,Nott'm Forest
Premier League,2025-02-01,Bournemouth,Liverpool,0,2,A,Liverpool
Premier League,2025-02-01,Everton,Leicester,4,0,H,Everton
Premier League,2025-02-01,Ipswich,Southampton,1,2,A,Southampton
Premier League,2025-02-01,Newcastle,Fulham,1,2,A,Fulham
Premier League,2025-02-01,Wolves,Aston Villa,2,0,H,Wolves
Premier League,2025-02-02,Brentford,Tottenham,0,2,A,Tottenham
Premier League,2025-02-02,Man United,Crystal Palace,0,2,A,Crystal Palace
Premier League,2025-02-02,Arsenal,Man City,5,1,H,Arsenal
Premier League,2025-02-03,Chelsea,West Ham,2,1,H,Chelsea
Premier League,2025-02-12,Everton,Liverpool,2,2,D,Draw
Premier League,2025-02-14,Brighton,Chelsea,3,0,H,Brighton
Premier League,2025-02-15,Leicester,Arsenal,0,2,A,Arsenal
Premier League,2025-02-15,Aston Villa,Ipswich,1,1,D,Draw
Premier League,2025-02-15,Fulham,Nott'm Forest,2,1,H,Fulham
Premier League,2025-02-15,Man City,Newcastle,4,0,H,Man City
Premier League,2025-02-15,Southampton,Bournemouth,1,3,A,Bournemouth
Premier League,2025-02-15,West Ham,Brentford,0,1,A,Brentford
Premier League,2025-02-15,Crystal Palace,Everton,1,2,A,Everton
Premier League,2025-02-16,Liverpool,Wolves,2,1,H,Liverpool
Premier League,2025-02-16,Tottenham,Man United,1,0,H,Tottenham
Premier League,2025-02-19,Aston Villa,Liverpool,2,2,D,Draw
Premier League,2025-02-21,Leicester,Brentford,0,4,A,Brentford
Premier League,2025-02-22,Everton,Man United,2,2,D,Draw
Premier League,2025-02-22,Arsenal,West Ham,0,1,A,West Ham
Premier League,2025-02-22,Bournemouth,Wolves,0,1,A,Wolves
Premier League,2025-02-22,Fulham,Crystal Palace,0,2,A,Crystal Palace
Premier League,2025-02-22,Ipswich,Tottenham,1,4,A,Tottenham
Premier League,2025-02-22,Southampton,Brighton,0,4,A,Brighton
Premier League,2025-02-22,Aston Villa,Chelsea,2,1,H,Aston Villa
Premier League,2025-02-23,Newcastle,Nott'm Forest,4,3,H,Newcastle
Premier League,2025-02-23,Man City,Liverpool,0,2,A,Liverpool
Premier League,2025-02-25,Brighton,Bournemouth,2,1,H,Brighton
Premier League,2025-02-25,Crystal Palace,Aston Villa,4,1,H,Crystal Palace
Premier League,2025-02-25,Wolves,Fulham,1,2,A,Fulham
Premier League,2025-02-25,Chelsea,Southampton,4,0,H,Chelsea
Premier League,2025-02-26,Brentford,Everton,1,1,D,Draw
Premier League,2025-02-26,Man United,Ipswich,3,2,H,Man United
Premier League,2025-02-26,Nott'm Forest,Arsenal,0,0,D,Draw
Premier League,2025-02-26,Tottenham,Man City,0,1,A,Man City
Premier League,2025-02-26,Liverpool,Newcastle,2,0,H,Liverpool
Premier League,2025-02-27,West Ham,Leicester,2,0,H,West Ham
Premier League,2025-03-08,Nott'm Forest,Man City,1,0,H,Nott'm Forest
Premier League,2025-03-08,Brighton,Fulham,2,1,H,Brighton
Premier League,2025-03-08,Crystal Palace,Ipswich,1,0,H,Crystal Palace
Premier League,2025-03-08,Liverpool,Southampton,3,1,H,Liverpool
Premier League,2025-03-08,Brentford,Aston Villa,0,1,A,Aston Villa
Premier League,2025-03-08,Wolves,Everton,1,1,D,Draw
Premier League,2025-03-09,Chelsea,Leicester,1,0,H,Chelsea
Premier League,2025-03-09,Tottenham,Bournemouth,2,2,D,Draw
Premier League,2025-03-09,Man United,Arsenal,1,1,D,Draw
Premier League,2025-03-10,West Ham,Newcastle,0,1,A,Newcastle
Premier League,2025-03-15,Everton,West Ham,1,1,D,Draw
Premier League,2025-03-15,Ipswich,Nott'm Forest,2,4,A,Nott'm Forest
Premier League,2025-03-15,Man City,Brighton,2,2,D,Draw
Premier League,2025-03-15,Southampton,Wolves,1,2,A,Wolves
Premier League,2025-03-15,Bournemouth,Brentford,1,2,A,Brentford
Premier League,2025-03-16,Arsenal,Chelsea,1,0,H,Arsenal
Premier League,2025-03-16,Fulham,Tottenham,2,0,H,Fulham
Premier League,2025-03-16,Leicester,Man United,0,3,A,Man United
Premier League,2025-04-01,Arsenal,Fulham,2,1,H,Arsenal
Premier League,2025-04-01,Wolves,West Ham,1,0,H,Wolves
Premier League,2025-04-01,Nott'm Forest,Man United,1,0,H,Nott'm Forest
Premier League,2025-04-02,Bournemouth,Ipswich,1,2,A,Ipswich
Premier League,2025-04-02,Brighton,Aston Villa,0,3,A,Aston Villa
Premier League,2025-04-02,Man City,Leicester,2,0,H,Man City
Premier League,2025-04-02,Newcastle,Brentford,2,1,H,Newcastle
Premier League,2025-04-02,Southampton,Crystal Palace,1,1,D,Draw
Premier League,2025-04-02,Liverpool,Everton,1,0,H,Liverpool
Premier League,2025-04-03,Chelsea,Tottenham,1,0,H,Chelsea
Premier League,2025-04-05,Everton,Arsenal,1,1,D,Draw
Premier League,2025-04-05,Crystal Palace,Brighton,2,1,H,Crystal Palace
Premier League,2025-04-05,Ipswich,Wolves,1,2,A,Wolves
Premier League,2025-04-05,West Ham,Bournemouth,2,2,D,Draw
Premier League,2025-04-05,Aston Villa,Nott'm Forest,2,1,H,Aston Villa
Premier League,2025-04-06,Brentford,Chelsea,0,0,D,Draw
Premier League,2025-04-06,Fulham,Liverpool,3,2,H,Fulham
Premier League,2025-04-06,Tottenham,Southampton,3,1,H,Tottenham
Premier League,2025-04-06,Man United,Man City,0,0,D,Draw
Premier League,2025-04-07,Leicester,Newcastle,0,3,A,Newcastle
Premier League,2025-04-12,Man City,Crystal Palace,5,2,H,Man City
Premier League,2025-04-12,Brighton,Leicester,2,2,D,Draw
Premier League,2025-04-12,Nott'm Forest,Everton,0,1,A,Everton
Premier League,2025-04-12,Southampton,Aston Villa,0,3,A,Aston Villa
Premier League,2025-04-12,Arsenal,Brentford,1,1,D,Draw
Premier League,2025-04-13,Chelsea,Ipswich,2,2,D,Draw
Premier League,2025-04-13,Liverpool,West Ham,2,1,H,Liverpool
Premier League,2025-04-13,Wolves,Tottenham,4,2,H,Wolves
Premier League,2025-04-13,Newcastle,Man United,4,1,H,Newcastle
Premier League,2025-04-14,Bournemouth,Fulham,1,0,H,Bournemouth
Premier League,2025-04-16,Newcastle,Crystal Palace,5,0,H,Newcastle
Premier League,2025-04-19,Brentford,Brighton,4,2,H,Brentford
Premier League,2025-04-19,Crystal Palace,Bournemouth,0,0,D,Draw
Premier League,2025-04-19,Everton,Man City,0,2,A,Man City
Premier League,2025-04-19,West Ham,Southampton,1,1,D,Draw
Premier League,2025-04-19,Aston Villa,Newcastle,4,1,H,Aston Villa
Premier League,2025-04-20,Fulham,Chelsea,1,2,A,Chelsea
Premier League,2025-04-20,Ipswich,Arsenal,0,4,A,Arsenal
Premier League,2025-04-20,Man United,Wolves,0,1,A,Wolves
Premier League,2025-04-20,Leicester,Liverpool,0,1,A,Liverpool
Premier League,2025-04-21,Tottenham,Nott'm Forest,1,2,A,Nott'm Forest
Premier League,2025-04-22,Man City,Aston Villa,2,1,H,Man City
Premier League,2025-04-23,Arsenal,Crystal Palace,2,2,D,Draw
Premier League,2025-04-26,Chelsea,Everton,1,0,H,Chelsea
Premier League,2025-04-26,Brighton,West Ham,3,2,H,Brighton
Premier League,2025-04-26,Newcastle,Ipswich,3,0,H,Newcastle
Premier League,2025-04-26,Southampton,Fulham,1,2,A,Fulham
Premier League,2025-04-26,Wolves,Leicester,3,0,H,Wolves
Premier League,2025-04-27,Bournemouth,Man United,1,1,D,Draw
Premier League,2025-04-27,Liverpool,Tottenham,5,1,H,Liverpool
Premier League,2025-05-01,Nott'm Forest,Brentford,0,2,A,Brentford
Premier League,2025-05-02,Man City,Wolves,1,0,H,Man City
Premier League,2025-05-03,Aston Villa,Fulham,1,0,H,Aston Villa
Premier League,2025-05-03,Everton,Ipswich,2,2,D,Draw
Premier League,2025-05-03,Leicester,Southampton,2,0,H,Leicester
Premier League,2025-05-03,Arsenal,Bournemouth,1,2,A,Bournemouth
Premier League,2025-05-04,Brentford,Man United,4,3,H,Brentford
Premier League,2025-05-04,Brighton,Newcastle,1,1,D,Draw
Premier League,2025-05-04,West Ham,Tottenham,1,1,D,Draw
Premier League,2025-05-04,Chelsea,Liverpool,3,1,H,Chelsea
Premier League,2025-05-05,Crystal Palace,Nott'm Forest,1,1,D,Draw
Premier League,2025-05-10,Fulham,Everton,1,3,A,Everton
Premier League,2025-05-10,Ipswich,Brentford,0,1,A,Brentford
Premier League,2025-05-10,Southampton,Man City,0,0,D,Draw
Premier League,2025-05-10,Wolves,Brighton,0,2,A,Brighton
Premier League,2025-05-10,Bournemouth,Aston Villa,0,1,A,Aston Villa
Premier League,2025-05-11,Newcastle,Chelsea,2,0,H,Newcastle
Premier League,2025-05-11,Man United,West Ham,0,2,A,West Ham
Premier League,2025-05-11,Nott'm Forest,Leicester,2,2,D,Draw
Premier League,2025-05-11,Tottenham,Crystal Palace,0,2,A,Crystal Palace
Premier League,2025-05-11,Liverpool,Arsenal,2,2,D,Draw
Premier League,2025-05-16,Aston Villa,Tottenham,2,0,H,Aston Villa
Premier League,2025-05-16,Chelsea,Man United,1,0,H,Chelsea
Premier League,2025-05-18,Everton,Southampton,2,0,H,Everton
Premier League,2025-05-18,West Ham,Nott'm Forest,1,2,A,Nott'm Forest
Premier League,2025-05-18,Brentford,Fulham,2,3,A,Fulham
Premier League,2025-05-18,Leicester,Ipswich,2,0,H,Leicester
Premier League,2025-05-18,Arsenal,Newcastle,1,0,H,Arsenal
Premier League,2025-05-19,Brighton,Liverpool,3,2,H,Brighton
Premier League,2025-05-20,Crystal Palace,Wolves,4,2,H,Crystal Palace
Premier League,2025-05-20,Man City,Bournemouth,3,1,H,Man City
Premier League,2025-05-25,Bournemouth,Leicester,2,0,H,Bournemouth
Premier League,2025-05-25,Fulham,Man City,0,2,A,Man City
Premier League,2025-05-25,Ipswich,West Ham,1,3,A,West Ham
Premier League,2025-05-25,Liverpool,Crystal Palace,1,1,D,Draw
Premier League,2025-05-25,Man United,Aston Villa,2,0,H,Man United
Premier League,2025-05-25,Newcastle,Everton,0,1,A,Everton
Premier League,2025-05-25,Nott'm Forest,Chelsea,0,1,A,Chelsea
Premier League,2025-05-25,Southampton,Arsenal,1,2,A,Arsenal
Premier League,2025-05-25,Tottenham,Brighton,1,4,A,Brighton
Premier League,2025-05-25,Wolves,Brentford,1,1,D,Draw
LaLiga,2024-08-15,Ath Bilbao,Getafe,1,1,D,Draw
LaLiga,2024-08-15,Betis,Girona,1,1,D,Draw
LaLiga,2024-08-16,Celta,Alaves,2,1,H,Celta
LaLiga,2024-08-16,Las Palmas,Sevilla,2,2,D,Draw
LaLiga,2024-08-17,Osasuna,Leganes,1,1,D,Draw
LaLiga,2024-08-17,Valencia,Barcelona,1,2,A,Barcelona
LaLiga,2024-08-18,Sociedad,Vallecano,1,2,A,Vallecano
LaLiga,2024-08-18,Mallorca,Real Madrid,1,1,D,Draw
LaLiga,2024-08-19,Valladolid,Espanol,1,0,H,Valladolid
LaLiga,2024-08-19,Villarreal,Ath Madrid,2,2,D,Draw
LaLiga,2024-08-23,Celta,Valencia,3,1,H,Celta
LaLiga,2024-08-23,Sevilla,Villarreal,1,2,A,Villarreal
LaLiga,2024-08-24,Osasuna,Mallorca,1,0,H,Osasuna
LaLiga,2024-08-24,Barcelona,Ath Bilbao,2,1,H,Barcelona
LaLiga,2024-08-24,Espanol,Sociedad,0,1,A,Sociedad
LaLiga,2024-08-24,Getafe,Vallecano,0,0,D,Draw
LaLiga,2024-08-25,Real Madrid,Valladolid,3,0,H,Real Madrid
LaLiga,2024-08-25,Leganes,Las Palmas,2,1,H,Leganes
LaLiga,2024-08-25,Alaves,Betis,0,0,D,Draw
LaLiga,2024-08-25,Ath Madrid,Girona,3,0,H,Ath Madrid
LaLiga,2024-08-26,Villarreal,Celta,4,3,H,Villarreal
LaLiga,2024-08-27,Mallorca,Sevilla,0,0,D,Draw
LaLiga,2024-08-27,Vallecano,Barcelona,1,2,A,Barcelona
LaLiga,2024-08-28,Ath Bilbao,Valencia,1,0,H,Ath Bilbao
LaLiga,2024-08-28,Valladolid,Leganes,0,0,D,Draw
LaLiga,2024-08-28,Ath Madrid,Espanol,0,0,D,Draw
LaLiga,2024-08-28,Sociedad,Alaves,1,2,A,Alaves
LaLiga,2024-08-29,Girona,Osasuna,4,0,H,Girona
LaLiga,2024-08-29,Las Palmas,Real Madrid,1,1,D,Draw
LaLiga,2024-08-31,Barcelona,Valladolid,7,0,H,Barcelona
LaLiga,2024-08-31,Ath Bilbao,Ath Madrid,0,1,A,Ath Madrid
LaLiga,2024-08-31,Espanol,Vallecano,2,1,H,Espanol
LaLiga,2024-08-31,Leganes,Mallorca,0,1,A,Mallorca
LaLiga,2024-08-31,Valencia,Villarreal,1,1,D,Draw
LaLiga,2024-09-01,Alaves,Las Palmas,2,0,H,Alaves
LaLiga,2024-09-01,Osasuna,Celta,3,2,H,Osasuna
LaLiga,2024-09-01,Sevilla,Girona,0,2,A,Girona
LaLiga,2024-09-01,Getafe,Sociedad,0,0,D,Draw
LaLiga,2024-09-01,Real Madrid,Betis,2,0,H,Real Madrid
LaLiga,2024-09-13,Betis,Leganes,2,0,H,Betis
LaLiga,2024-09-14,Mallorca,Villarreal,1,2,A,Villarreal
LaLiga,2024-09-14,Espanol,Alaves,3,2,H,Espanol
LaLiga,2024-09-14,Sevilla,Getafe,1,0,H,Sevilla
LaLiga,2024-09-14,Sociedad,Real Madrid,0,2,A,Real Madrid
LaLiga,2024-09-15,Celta,Valladolid,3,1,H,Celta
LaLiga,2024-09-15,Girona,Barcelona,1,4,A,Barcelona
LaLiga,2024-09-15,Las Palmas,Ath Bilbao,2,3,A,Ath Bilbao
LaLiga,2024-09-15,Ath Madrid,Valencia,3,0,H,Ath Madrid
LaLiga,2024-09-16,Vallecano,Osasuna,3,1,H,Vallecano
LaLiga,2024-09-17,Mallorca,Sociedad,1,0,H,Mallorca
LaLiga,2024-09-18,Betis,Getafe,2,1,H,Betis
LaLiga,2024-09-19,Leganes,Ath Bilbao,0,2,A,Ath Bilbao
LaLiga,2024-09-20,Alaves,Sevilla,2,1,H,Alaves
LaLiga,2024-09-21,Valladolid,Sociedad,0,0,D,Draw
LaLiga,2024-09-21,Osasuna,Las Palmas,2,1,H,Osasuna
LaLiga,2024-09-21,Valencia,Girona,2,0,H,Valencia
LaLiga,2024-09-21,Real Madrid,Espanol,4,1,H,Real Madrid
LaLiga,2024-09-22,Getafe,Leganes,1,1,D,Draw
LaLiga,2024-09-22,Ath Bilbao,Celta,3,1,H,Ath Bilbao
LaLiga,2024-09-22,Villarreal,Barcelona,1,5,A,Barcelona
LaLiga,2024-09-22,Vallecano,Ath Madrid,1,1,D,Draw
LaLiga,2024-09-23,Betis,Mallorca,1,2,A,Mallorca
LaLiga,2024-09-24,Sevilla,Valladolid,2,1,H,Sevilla
LaLiga,2024-09-24,Valencia,Osasuna,0,0,D,Draw
LaLiga,2024-09-24,Real Madrid,Alaves,3,2,H,Real Madrid
LaLiga,2024-09-25,Girona,Vallecano,0,0,D,Draw
LaLiga,2024-09-25,Barcelona,Getafe,1,0,H,Barcelona
LaLiga,2024-09-26,Espanol,Villarreal,1,2,A,Villarreal
LaLiga,2024-09-26,Las Palmas,Betis,1,1,D,Draw
LaLiga,2024-09-26,Celta,Ath Madrid,0,1,A,Ath Madrid
LaLiga,2024-09-27,Valladolid,Mallorca,1,2,A,Mallorca
LaLiga,2024-09-28,Getafe,Alaves,2,0,H,Getafe
LaLiga,2024-09-28,Vallecano,Leganes,1,1,D,Draw
LaLiga,2024-09-28,Sociedad,Valencia,3,0,H,Sociedad
LaLiga,2024-09-28,Osasuna,Barcelona,4,2,H,Osasuna
LaLiga,2024-09-29,Celta,Girona,1,1,D,Draw
LaLiga,2024-09-29,Ath Bilbao,Sevilla,1,1,D,Draw
LaLiga,2024-09-29,Betis,Espanol,1,0,H,Betis
LaLiga,2024-09-29,Ath Madrid,Real Madrid,1,1,D,Draw
LaLiga,2024-09-30,Villarreal,Las Palmas,3,1,H,Villarreal
LaLiga,2024-10-04,Leganes,Valencia,0,0,D,Draw
LaLiga,2024-10-05,Espanol,Mallorca,2,1,H,Espanol
LaLiga,2024-10-05,Getafe,Osasuna,1,1,D,Draw
LaLiga,2024-10-05,Las Palmas,Celta,0,1,A,Celta
LaLiga,2024-10-05,Valladolid,Vallecano,1,2,A,Vallecano
LaLiga,2024-10-05,Real Madrid,Villarreal,2,0,H,Real Madrid
LaLiga,2024-10-06,Girona,Ath Bilbao,2,1,H,Girona
LaLiga,2024-10-06,Alaves,Barcelona,0,3,A,Barcelona
LaLiga,2024-10-06,Sevilla,Betis,1,0,H,Sevilla
LaLiga,2024-10-06,Sociedad,Ath Madrid,1,1,D,Draw
LaLiga,2024-10-18,Alaves,Valladolid,2,3,A,Valladolid
LaLiga,2024-10-19,Ath Bilbao,Espanol,4,1,H,Ath Bilbao
LaLiga,2024-10-19,Osasuna,Betis,1,2,A,Betis
LaLiga,2024-10-19,Girona,Sociedad,0,1,A,Sociedad
LaLiga,2024-10-19,Celta,Real Madrid,1,2,A,Real Madrid
LaLiga,2024-10-20,Mallorca,Vallecano,1,0,H,Mallorca
LaLiga,2024-10-20,Ath Madrid,Leganes,3,1,H,Ath Madrid
LaLiga,2024-10-20,Villarreal,Getafe,1,1,D,Draw
LaLiga,2024-10-20,Barcelona,Sevilla,5,1,H,Barcelona
LaLiga,2024-10-21,Valencia,Las Palmas,2,3,A,Las Palmas
LaLiga,2024-10-25,Espanol,Sevilla,0,2,A,Sevilla
LaLiga,2024-10-26,Valladolid,Villarreal,1,2,A,Villarreal
LaLiga,2024-10-26,Vallecano,Alaves,1,0,H,Vallecano
LaLiga,2024-10-26,Las Palmas,Girona,1,0,H,Las Palmas
LaLiga,2024-10-26,Real Madrid,Barcelona,0,4,A,Barcelona
LaLiga,2024-10-27,Leganes,Celta,3,0,H,Leganes
LaLiga,2024-10-27,Getafe,Valencia,1,1,D,Draw
LaLiga,2024-10-27,Betis,Ath Madrid,1,0,H,Betis
LaLiga,2024-10-27,Sociedad,Osasuna,0,2,A,Osasuna
LaLiga,2024-10-28,Mallorca,Ath Bilbao,0,0,D,Draw
LaLiga,2024-11-01,Alaves,Mallorca,1,0,H,Alaves
LaLiga,2024-11-02,Osasuna,Valladolid,1,0,H,Osasuna
LaLiga,2024-11-02,Girona,Leganes,4,3,H,Girona
LaLiga,2024-11-03,Ath Madrid,Las Palmas,2,0,H,Ath Madrid
LaLiga,2024-11-03,Barcelona,Espanol,3,1,H,Barcelona
LaLiga,2024-11-03,Sevilla,Sociedad,0,2,A,Sociedad
LaLiga,2024-11-03,Ath Bilbao,Betis,1,1,D,Draw
LaLiga,2024-11-04,Celta,Getafe,1,0,H,Celta
LaLiga,2024-11-08,Vallecano,Las Palmas,1,3,A,Las Palmas
LaLiga,2024-11-09,Real Madrid,Osasuna,4,0,H,Real Madrid
LaLiga,2024-11-09,Villarreal,Alaves,3,0,H,Villarreal
LaLiga,2024-11-09,Leganes,Sevilla,1,0,H,Leganes
LaLiga,2024-11-10,Betis,Celta,2,2,D,Draw
LaLiga,2024-11-10,Mallorca,Ath Madrid,0,1,A,Ath Madrid
LaLiga,2024-11-10,Getafe,Girona,0,1,A,Girona
LaLiga,2024-11-10,Valladolid,Ath Bilbao,1,1,D,Draw
LaLiga,2024-11-10,Sociedad,Barcelona,1,0,H,Sociedad
LaLiga,2024-11-22,Getafe,Valladolid,2,0,H,Getafe
LaLiga,2024-11-23,Valencia,Betis,4,2,H,Valencia
LaLiga,2024-11-23,Ath Madrid,Alaves,2,1,H,Ath Madrid
LaLiga,2024-11-23,Girona,Espanol,4,1,H,Girona
LaLiga,2024-11-23,Las Palmas,Mallorca,2,3,A,Mallorca
LaLiga,2024-11-23,Celta,Barcelona,2,2,D,Draw
LaLiga,2024-11-24,Osasuna,Villarreal,2,2,D,Draw
LaLiga,2024-11-24,Sevilla,Vallecano,1,0,H,Sevilla
LaLiga,2024-11-24,Leganes,Real Madrid,0,3,A,Real Madrid
LaLiga,2024-11-24,Ath Bilbao,Sociedad,1,0,H,Ath Bilbao
LaLiga,2024-11-29,Mallorca,Valencia,2,1,H,Mallorca
LaLiga,2024-11-30,Barcelona,Las Palmas,1,2,A,Las Palmas
LaLiga,2024-11-30,Alaves,Leganes,1,1,D,Draw
LaLiga,2024-11-30,Espanol,Celta,3,1,H,Espanol
LaLiga,2024-11-30,Valladolid,Ath Madrid,0,5,A,Ath Madrid
LaLiga,2024-12-01,Villarreal,Girona,2,2,D,Draw
LaLiga,2024-12-01,Real Madrid,Getafe,2,0,H,Real Madrid
LaLiga,2024-12-01,Vallecano,Ath Bilbao,1,2,A,Ath Bilbao
LaLiga,2024-12-01,Sociedad,Betis,2,0,H,Sociedad
LaLiga,2024-12-02,Sevilla,Osasuna,1,1,D,Draw
LaLiga,2024-12-03,Mallorca,Barcelona,1,5,A,Barcelona
LaLiga,2024-12-04,Ath Bilbao,Real Madrid,2,1,H,Ath Bilbao
LaLiga,2024-12-06,Celta,Mallorca,2,0,H,Celta
LaLiga,2024-12-07,Las Palmas,Valladolid,2,1,H,Las Palmas
LaLiga,2024-12-07,Betis,Barcelona,2,2,D,Draw
LaLiga,2024-12-07,Valencia,Vallecano,0,1,A,Vallecano
LaLiga,2024-12-07,Girona,Real Madrid,0,3,A,Real Madrid
LaLiga,2024-12-08,Leganes,Sociedad,0,3,A,Sociedad
LaLiga,2024-12-08,Ath Bilbao,Villarreal,2,0,H,Ath Bilbao
LaLiga,2024-12-08,Osasuna,Alaves,2,2,D,Draw
LaLiga,2024-12-08,Ath Madrid,Sevilla,4,3,H,Ath Madrid
LaLiga,2024-12-09,Getafe,Espanol,1,0,H,Getafe
LaLiga,2024-12-13,Valladolid,Valencia,1,0,H,Valladolid
LaLiga,2024-12-14,Espanol,Osasuna,0,0,D,Draw
LaLiga,2024-12-14,Mallorca,Girona,2,1,H,Mallorca
LaLiga,2024-12-14,Sevilla,Celta,1,0,H,Sevilla
LaLiga,2024-12-14,Vallecano,Real Madrid,3,3,D,Draw
LaLiga,2024-12-15,Ath Madrid,Getafe,1,0,H,Ath Madrid
LaLiga,2024-12-15,Alaves,Ath Bilbao,1,1,D,Draw
LaLiga,2024-12-15,Sociedad,Las Palmas,0,0,D,Draw
LaLiga,2024-12-15,Villarreal,Betis,1,2,A,Betis
LaLiga,2024-12-15,Barcelona,Leganes,0,1,A,Leganes
LaLiga,2024-12-18,Espanol,Valencia,1,1,D,Draw
LaLiga,2024-12-18,Villarreal,Vallecano,1,1,D,Draw
LaLiga,2024-12-20,Girona,Valladolid,3,0,H,Girona
LaLiga,2024-12-21,Getafe,Mallorca,0,1,A,Mallorca
LaLiga,2024-12-21,Celta,Sociedad,2,0,H,Celta
LaLiga,2024-12-21,Osasuna,Ath Bilbao,1,2,A,Ath Bilbao
LaLiga,2024-12-21,Barcelona,Ath Madrid,1,2,A,Ath Madrid
LaLiga,2024-12-22,Valencia,Alaves,2,2,D,Draw
LaLiga,2024-12-22,Real Madrid,Sevilla,4,2,H,Real Madrid
LaLiga,2024-12-22,Las Palmas,Espanol,1,0,H,Las Palmas
LaLiga,2024-12-22,Leganes,Villarreal,2,5,A,Villarreal
LaLiga,2024-12-22,Betis,Vallecano,1,1,D,Draw
LaLiga,2025-01-03,Valencia,Real Madrid,1,2,A,Real Madrid
LaLiga,2025-01-10,Vallecano,Celta,2,1,H,Vallecano
LaLiga,2025-01-11,Alaves,Girona,0,1,A,Girona
LaLiga,2025-01-11,Valladolid,Betis,1,0,H,Valladolid
LaLiga,2025-01-11,Espanol,Leganes,1,1,D,Draw
LaLiga,2025-01-11,Sevilla,Valencia,1,1,D,Draw
LaLiga,2025-01-12,Las Palmas,Getafe,1,2,A,Getafe
LaLiga,2025-01-12,Ath Madrid,Osasuna,1,0,H,Ath Madrid
LaLiga,2025-01-13,Sociedad,Villarreal,1,0,H,Sociedad
LaLiga,2025-01-17,Espanol,Valladolid,2,1,H,Espanol
LaLiga,2025-01-18,Girona,Sevilla,1,2,A,Sevilla
LaLiga,2025-01-18,Leganes,Ath Madrid,1,0,H,Leganes
LaLiga,2025-01-18,Betis,Alaves,1,3,A,Alaves
LaLiga,2025-01-18,Getafe,Barcelona,1,1,D,Draw
LaLiga,2025-01-19,Celta,Ath Bilbao,1,2,A,Ath Bilbao
LaLiga,2025-01-19,Real Madrid,Las Palmas,4,1,H,Real Madrid
LaLiga,2025-01-19,Osasuna,Vallecano,1,1,D,Draw
LaLiga,2025-01-19,Valencia,Sociedad,1,0,H,Valencia
LaLiga,2025-01-20,Villarreal,Mallorca,4,0,H,Villarreal
LaLiga,2025-01-24,Las Palmas,Osasuna,1,1,D,Draw
LaLiga,2025-01-25,Mallorca,Betis,0,1,A,Betis
LaLiga,2025-01-25,Ath Madrid,Villarreal,1,1,D,Draw
LaLiga,2025-01-25,Sevilla,Espanol,1,1,D,Draw
LaLiga,2025-01-25,Valladolid,Real Madrid,0,3,A,Real Madrid
LaLiga,2025-01-26,Vallecano,Girona,2,1,H,Vallecano
LaLiga,2025-01-26,Sociedad,Getafe,0,3,A,Getafe
LaLiga,2025-01-26,Ath Bilbao,Leganes,0,0,D,Draw
LaLiga,2025-01-26,Barcelona,Valencia,7,1,H,Barcelona
LaLiga,2025-01-27,Alaves,Celta,1,1,D,Draw
LaLiga,2025-01-31,Leganes,Vallecano,0,1,A,Vallecano
LaLiga,2025-02-01,Getafe,Sevilla,0,0,D,Draw
LaLiga,2025-02-01,Villarreal,Valladolid,5,1,H,Villarreal
LaLiga,2025-02-01,Ath Madrid,Mallorca,2,0,H,Ath Madrid
LaLiga,2025-02-01,Espanol,Real Madrid,1,0,H,Espanol
LaLiga,2025-02-02,Barcelona,Alaves,1,0,H,Barcelona
LaLiga,2025-02-02,Valencia,Celta,2,1,H,Valencia
LaLiga,2025-02-02,Osasuna,Sociedad,2,1,H,Osasuna
LaLiga,2025-02-02,Betis,Ath Bilbao,2,2,D,Draw
LaLiga,2025-02-03,Girona,Las Palmas,2,1,H,Girona
LaLiga,2025-02-07,Vallecano,Valladolid,1,0,H,Vallecano
LaLiga,2025-02-08,Celta,Betis,3,2,H,Celta
LaLiga,2025-02-08,Ath Bilbao,Girona,3,0,H,Ath Bilbao
LaLiga,2025-02-08,Las Palmas,Villarreal,1,2,A,Villarreal
LaLiga,2025-02-08,Real Madrid,Ath Madrid,1,1,D,Draw
LaLiga,2025-02-09,Alaves,Getafe,0,1,A,Getafe
LaLiga,2025-02-09,Valencia,Leganes,2,0,H,Valencia
LaLiga,2025-02-09,Sociedad,Espanol,2,1,H,Sociedad
LaLiga,2025-02-09,Sevilla,Barcelona,1,4,A,Barcelona
LaLiga,2025-02-10,Mallorca,Osasuna,1,1,D,Draw
LaLiga,2025-02-14,Girona,Getafe,1,2,A,Getafe
LaLiga,2025-02-15,Leganes,Alaves,3,3,D,Draw
LaLiga,2025-02-15,Osasuna,Real Madrid,1,1,D,Draw
LaLiga,2025-02-15,Ath Madrid,Celta,1,1,D,Draw
LaLiga,2025-02-15,Villarreal,Valencia,1,1,D,Draw
LaLiga,2025-02-16,Espanol,Ath Bilbao,1,1,D,Draw
LaLiga,2025-02-16,Valladolid,Sevilla,0,4,A,Sevilla
LaLiga,2025-02-16,Mallorca,Las Palmas,3,1,H,Mallorca
LaLiga,2025-02-16,Betis,Sociedad,3,0,H,Betis
LaLiga,2025-02-17,Barcelona,Vallecano,1,0,H,Barcelona
LaLiga,2025-02-21,Celta,Osasuna,1,0,H,Celta
LaLiga,2025-02-22,Alaves,Espanol,0,1,A,Espanol
LaLiga,2025-02-22,Vallecano,Villarreal,0,1,A,Villarreal
LaLiga,2025-02-22,Valencia,Ath Madrid,0,3,A,Ath Madrid
LaLiga,2025-02-22,Las Palmas,Barcelona,0,2,A,Barcelona
LaLiga,2025-02-23,Ath Bilbao,Valladolid,7,1,H,Ath Bilbao
LaLiga,2025-02-23,Real Madrid,Girona,2,0,H,Real Madrid
LaLiga,2025-02-23,Getafe,Betis,1,2,A,Betis
LaLiga,2025-02-23,Sociedad,Leganes,3,0,H,Sociedad
LaLiga,2025-02-24,Sevilla,Mallorca,1,1,D,Draw
LaLiga,2025-02-28,Valladolid,Las Palmas,1,1,D,Draw
LaLiga,2025-03-01,Girona,Celta,2,2,D,Draw
LaLiga,2025-03-01,Vallecano,Sevilla,1,1,D,Draw
LaLiga,2025-03-01,Betis,Real Madrid,2,1,H,Betis
LaLiga,2025-03-01,Ath Madrid,Ath Bilbao,1,0,H,Ath Madrid
LaLiga,2025-03-02,Leganes,Getafe,1,0,H,Leganes
LaLiga,2025-03-02,Barcelona,Sociedad,4,0,H,Barcelona
LaLiga,2025-03-02,Mallorca,Alaves,1,1,D,Draw
LaLiga,2025-03-02,Osasuna,Valencia,3,3,D,Draw
LaLiga,2025-03-08,Celta,Leganes,2,1,H,Celta
LaLiga,2025-03-08,Alaves,Villarreal,1,0,H,Alaves
LaLiga,2025-03-08,Valencia,Valladolid,2,1,H,Valencia
LaLiga,2025-03-09,Getafe,Ath Madrid,2,1,H,Getafe
LaLiga,2025-03-09,Real Madrid,Vallecano,2,1,H,Real Madrid
LaLiga,2025-03-09,Ath Bilbao,Mallorca,1,1,D,Draw
LaLiga,2025-03-09,Betis,Las Palmas,1,0,H,Betis
LaLiga,2025-03-09,Sociedad,Sevilla,0,1,A,Sevilla
LaLiga,2025-03-10,Espanol,Girona,1,1,D,Draw
LaLiga,2025-03-14,Las Palmas,Alaves,2,2,D,Draw
LaLiga,2025-03-15,Valladolid,Celta,0,1,A,Celta
LaLiga,2025-03-15,Mallorca,Espanol,2,1,H,Mallorca
LaLiga,2025-03-15,Villarreal,Real Madrid,1,2,A,Real Madrid
LaLiga,2025-03-15,Girona,Valencia,1,1,D,Draw
LaLiga,2025-03-16,Leganes,Betis,2,3,A,Betis
LaLiga,2025-03-16,Sevilla,Ath Bilbao,0,1,A,Ath Bilbao
LaLiga,2025-03-16,Osasuna,Getafe,1,2,A,Getafe
LaLiga,2025-03-16,Vallecano,Sociedad,2,2,D,Draw
LaLiga,2025-03-16,Ath Madrid,Barcelona,2,4,A,Barcelona
LaLiga,2025-03-27,Barcelona,Osasuna,3,0,H,Barcelona
LaLiga,2025-03-29,Sociedad,Valladolid,2,1,H,Sociedad
LaLiga,2025-03-29,Espanol,Ath Madrid,1,1,D,Draw
LaLiga,2025-03-29,Alaves,Vallecano,0,2,A,Vallecano
LaLiga,2025-03-29,Real Madrid,Leganes,3,2,H,Real Madrid
LaLiga,2025-03-30,Getafe,Villarreal,1,2,A,Villarreal
LaLiga,2025-03-30,Barcelona,Girona,4,1,H,Barcelona
LaLiga,2025-03-30,Ath Bilbao,Osasuna,0,0,D,Draw
LaLiga,2025-03-30,Valencia,Mallorca,1,0,H,Valencia
LaLiga,2025-03-30,Betis,Sevilla,2,1,H,Betis
LaLiga,2025-03-31,Celta,Las Palmas,1,1,D,Draw
LaLiga,2025-04-04,Vallecano,Espanol,0,4,A,Espanol
LaLiga,2025-04-05,Girona,Alaves,0,1,A,Alaves
LaLiga,2025-04-05,Real Madrid,Valencia,1,2,A,Valencia
LaLiga,2025-04-05,Mallorca,Celta,1,2,A,Celta
LaLiga,2025-04-05,Barcelona,Betis,1,1,D,Draw
LaLiga,2025-04-06,Las Palmas,Sociedad,1,3,A,Sociedad
LaLiga,2025-04-06,Sevilla,Ath Madrid,1,2,A,Ath Madrid
LaLiga,2025-04-06,Valladolid,Getafe,0,4,A,Getafe
LaLiga,2025-04-06,Villarreal,Ath Bilbao,0,0,D,Draw
LaLiga,2025-04-07,Leganes,Osasuna,1,1,D,Draw
LaLiga,2025-04-11,Valencia,Sevilla,1,0,H,Valencia
LaLiga,2025-04-12,Sociedad,Mallorca,0,2,A,Mallorca
LaLiga,2025-04-12,Getafe,Las Palmas,1,3,A,Las Palmas
LaLiga,2025-04-12,Celta,Espanol,0,2,A,Espanol
LaLiga,2025-04-12,Leganes,Barcelona,0,1,A,Barcelona
LaLiga,2025-04-13,Osasuna,Girona,2,1,H,Osasuna
LaLiga,2025-04-13,Alaves,Real Madrid,0,1,A,Real Madrid
LaLiga,2025-04-13,Betis,Villarreal,1,2,A,Villarreal
LaLiga,2025-04-13,Ath Bilbao,Vallecano,3,1,H,Ath Bilbao
LaLiga,2025-04-14,Ath Madrid,Valladolid,4,2,H,Ath Madrid
LaLiga,2025-04-18,Espanol,Getafe,1,0,H,Espanol
LaLiga,2025-04-19,Vallecano,Valencia,1,1,D,Draw
LaLiga,2025-04-19,Barcelona,Celta,4,3,H,Barcelona
LaLiga,2025-04-19,Mallorca,Leganes,0,0,D,Draw
LaLiga,2025-04-19,Las Palmas,Ath Madrid,1,0,H,Las Palmas
LaLiga,2025-04-20,Valladolid,Osasuna,2,3,A,Osasuna
LaLiga,2025-04-20,Villarreal,Sociedad,2,2,D,Draw
LaLiga,2025-04-20,Sevilla,Alaves,1,1,D,Draw
LaLiga,2025-04-20,Real Madrid,Ath Bilbao,1,0,H,Real Madrid
LaLiga,2025-04-21,Girona,Betis,1,3,A,Betis
LaLiga,2025-04-22,Valencia,Espanol,1,1,D,Draw
LaLiga,2025-04-22,Barcelona,Mallorca,1,0,H,Barcelona
LaLiga,2025-04-23,Ath Bilbao,Las Palmas,1,0,H,Ath Bilbao
LaLiga,2025-04-23,Celta,Villarreal,3,0,H,Celta
LaLiga,2025-04-23,Alaves,Sociedad,1,0,H,Alaves
LaLiga,2025-04-23,Getafe,Real Madrid,0,1,A,Real Madrid
LaLiga,2025-04-24,Leganes,Girona,1,1,D,Draw
LaLiga,2025-04-24,Osasuna,Sevilla,1,0,H,Osasuna
LaLiga,2025-04-24,Ath Madrid,Vallecano,3,0,H,Ath Madrid
LaLiga,2025-04-24,Betis,Valladolid,5,1,H,Betis
LaLiga,2025-04-27,Villarreal,Espanol,1,0,H,Villarreal
LaLiga,2025-05-02,Vallecano,Getafe,1,0,H,Vallecano
LaLiga,2025-05-03,Alaves,Ath Madrid,0,0,D,Draw
LaLiga,2025-05-03,Villarreal,Osasuna,4,2,H,Villarreal
LaLiga,2025-05-03,Las Palmas,Valencia,2,3,A,Valencia
LaLiga,2025-05-03,Valladolid,Barcelona,1,2,A,Barcelona
LaLiga,2025-05-04,Real Madrid,Celta,3,2,H,Real Madrid
LaLiga,2025-05-04,Sevilla,Leganes,2,2,D,Draw
LaLiga,2025-05-04,Espanol,Betis,1,2,A,Betis
LaLiga,2025-05-04,Sociedad,Ath Bilbao,0,0,D,Draw
LaLiga,2025-05-05,Girona,Mallorca,1,0,H,Girona
LaLiga,2025-05-09,Las Palmas,Vallecano,0,1,A,Vallecano
LaLiga,2025-05-10,Valencia,Getafe,3,0,H,Valencia
LaLiga,2025-05-10,Celta,Sevilla,3,2,H,Celta
LaLiga,2025-05-10,Girona,Villarreal,0,1,A,Villarreal
LaLiga,2025-05-10,Mallorca,Valladolid,2,1,H,Mallorca
LaLiga,2025-05-10,Ath Madrid,Sociedad,4,0,H,Ath Madrid
LaLiga,2025-05-11,Leganes,Espanol,3,2,H,Leganes
LaLiga,2025-05-11,Barcelona,Real Madrid,4,3,H,Barcelona
LaLiga,2025-05-11,Ath Bilbao,Alaves,1,0,H,Ath Bilbao
LaLiga,2025-05-11,Betis,Osasuna,1,1,D,Draw
LaLiga,2025-05-13,Valladolid,Girona,0,1,A,Girona
LaLiga,2025-05-13,Sociedad,Celta,0,1,A,Celta
LaLiga,2025-05-13,Sevilla,Las Palmas,1,0,H,Sevilla
LaLiga,2025-05-14,Alaves,Valencia,1,0,H,Alaves
LaLiga,2025-05-14,Villarreal,Leganes,3,0,H,Villarreal
LaLiga,2025-05-14,Real Madrid,Mallorca,2,1,H,Real Madrid
LaLiga,2025-05-15,Vallecano,Betis,2,2,D,Draw
LaLiga,2025-05-15,Osasuna,Ath Madrid,2,0,H,Osasuna
LaLiga,2025-05-15,Espanol,Barcelona,0,2,A,Barcelona
LaLiga,2025-05-15,Getafe,Ath Bilbao,0,2,A,Ath Bilbao
LaLiga,2025-05-18,Ath Madrid,Betis,4,1,H,Ath Madrid
LaLiga,2025-05-18,Barcelona,Villarreal,2,3,A,Villarreal
LaLiga,2025-05-18,Celta,Vallecano,1,2,A,Vallecano
LaLiga,2025-05-18,Las Palmas,Leganes,0,1,A,Leganes
LaLiga,2025-05-18,Mallorca,Getafe,1,2,A,Getafe
LaLiga,2025-05-18,Osasuna,Espanol,2,0,H,Osasuna
LaLiga,2025-05-18,Sevilla,Real Madrid,0,2,A,Real Madrid
LaLiga,2025-05-18,Sociedad,Girona,3,2,H,Sociedad
LaLiga,2025-05-18,Valencia,Ath Bilbao,0,1,A,Ath Bilbao
LaLiga,2025-05-18,Valladolid,Alaves,0,1,A,Alaves
LaLiga,2025-05-23,Betis,Valencia,1,1,D,Draw
LaLiga,2025-05-24,Real Madrid,Sociedad,2,0,H,Real Madrid
LaLiga,2025-05-24,Espanol,Las Palmas,2,0,H,Espanol
LaLiga,2025-05-24,Leganes,Valladolid,3,0,H,Leganes
LaLiga,2025-05-24,Alaves,Osasuna,1,1,D,Draw
LaLiga,2025-05-24,Getafe,Celta,1,2,A,Celta
LaLiga,2025-05-24,Vallecano,Mallorca,0,0,D,Draw
LaLiga,2025-05-25,Girona,Ath Madrid,0,4,A,Ath Madrid
LaLiga,2025-05-25,Villarreal,Sevilla,4,2,H,Villarreal
LaLiga,2025-05-25,Ath Bilbao,Barcelona,0,3,A,Barcelona
Serie A,2024-08-17,Genoa,Inter,2,2,D,Draw
Serie A,2024-08-17,Parma,Fiorentina,1,1,D,Draw
Serie A,2024-08-17,Empoli,Monza,0,0,D,Draw
Serie A,2024-08-17,Milan,Torino,2,2,D,Draw
Serie A,2024-08-18,Bologna,Udinese,1,1,D,Draw
Serie A,2024-08-18,Verona,Napoli,3,0,H,Verona
Serie A,2024-08-18,Cagliari,Roma,0,0,D,Draw
Serie A,2024-08-18,Lazio,Venezia,3,1,H,Lazio
Serie A,2024-08-19,Lecce,Atalanta,0,4,A,Atalanta
Serie A,2024-08-19,Juventus,Como,3,0,H,Juventus
Serie A,2024-08-24,Parma,Milan,2,1,H,Parma
Serie A,2024-08-24,Udinese,Lazio,2,1,H,Udinese
Serie A,2024-08-24,Inter,Lecce,2,0,H,Inter
Serie A,2024-08-24,Monza,Genoa,0,1,A,Genoa
Serie A,2024-08-25,Fiorentina,Venezia,0,0,D,Draw
Serie A,2024-08-25,Torino,Atalanta,2,1,H,Torino
Serie A,2024-08-25,Napoli,Bologna,3,0,H,Napoli
Serie A,2024-08-25,Roma,Empoli,1,2,A,Empoli
Serie A,2024-08-26,Cagliari,Como,1,1,D,Draw
Serie A,2024-08-26,Verona,Juventus,0,3,A,Juventus
Serie A,2024-08-30,Venezia,Torino,0,1,A,Torino
Serie A,2024-08-30,Inter,Atalanta,4,0,H,Inter
Serie A,2024-08-31,Bologna,Empoli,1,1,D,Draw
Serie A,2024-08-31,Lecce,Cagliari,1,0,H,Lecce
Serie A,2024-08-31,Lazio,Milan,2,2,D,Draw
Serie A,2024-08-31,Napoli,Parma,2,1,H,Napoli
Serie A,2024-09-01,Fiorentina,Monza,2,2,D,Draw
Serie A,2024-09-01,Genoa,Verona,0,2,A,Verona
Serie A,2024-09-01,Juventus,Roma,0,0,D,Draw
Serie A,2024-09-01,Udinese,Como,1,0,H,Udinese
Serie A,2024-09-14,Como,Bologna,2,2,D,Draw
Serie A,2024-09-14,Empoli,Juventus,0,0,D,Draw
Serie A,2024-09-14,Milan,Venezia,4,0,H,Milan
Serie A,2024-09-15,Genoa,Roma,1,1,D,Draw
Serie A,2024-09-15,Atalanta,Fiorentina,3,2,H,Atalanta
Serie A,2024-09-15,Torino,Lecce,0,0,D,Draw
Serie A,2024-09-15,Cagliari,Napoli,0,4,A,Napoli
Serie A,2024-09-15,Monza,Inter,1,1,D,Draw
Serie A,2024-09-16,Parma,Udinese,2,3,A,Udinese
Serie A,2024-09-16,Lazio,Verona,2,1,H,Lazio
Serie A,2024-09-20,Cagliari,Empoli,0,2,A,Empoli
Serie A,2024-09-20,Verona,Torino,2,3,A,Torino
Serie A,2024-09-21,Venezia,Genoa,2,0,H,Venezia
Serie A,2024-09-21,Juventus,Napoli,0,0,D,Draw
Serie A,2024-09-21,Lecce,Parma,2,2,D,Draw
Serie A,2024-09-22,Fiorentina,Lazio,2,1,H,Fiorentina
Serie A,2024-09-22,Monza,Bologna,1,2,A,Bologna
Serie A,2024-09-22,Roma,Udinese,3,0,H,Roma
Serie A,2024-09-22,Inter,Milan,1,2,A,Milan
Serie A,2024-09-24,Atalanta,Como,2,3,A,Como
Serie A,2024-09-27,Milan,Lecce,3,0,H,Milan
Serie A,2024-09-28,Udinese,Inter,2,3,A,Inter
Serie A,2024-09-28,Genoa,Juventus,0,3,A,Juventus
Serie A,2024-09-28,Bologna,Atalanta,1,1,D,Draw
Serie A,2024-09-29,Torino,Lazio,2,3,A,Lazio
Serie A,2024-09-29,Como,Verona,3,2,H,Como
Serie A,2024-09-29,Roma,Venezia,2,1,H,Roma
Serie A,2024-09-29,Empoli,Fiorentina,0,0,D,Draw
Serie A,2024-09-29,Napoli,Monza,2,0,H,Napoli
Serie A,2024-09-30,Parma,Cagliari,2,3,A,Cagliari
Serie A,2024-10-04,Napoli,Como,3,1,H,Napoli
Serie A,2024-10-04,Verona,Venezia,2,1,H,Verona
Serie A,2024-10-05,Udinese,Lecce,1,0,H,Udinese
Serie A,2024-10-05,Atalanta,Genoa,5,1,H,Atalanta
Serie A,2024-10-05,Inter,Torino,3,2,H,Inter
Serie A,2024-10-06,Juventus,Cagliari,1,1,D,Draw
Serie A,2024-10-06,Bologna,Parma,0,0,D,Draw
Serie A,2024-10-06,Lazio,Empoli,2,1,H,Lazio
Serie A,2024-10-06,Monza,Roma,1,1,D,Draw
Serie A,2024-10-06,Fiorentina,Milan,2,1,H,Fiorentina
Serie A,2024-10-19,Como,Parma,1,1,D,Draw
Serie A,2024-10-19,Genoa,Bologna,2,2,D,Draw
Serie A,2024-10-19,Milan,Udinese,1,0,H,Milan
Serie A,2024-10-19,Juventus,Lazio,1,0,H,Juventus
Serie A,2024-10-20,Empoli,Napoli,0,1,A,Napoli
Serie A,2024-10-20,Lecce,Fiorentina,0,6,A,Fiorentina
Serie A,2024-10-20,Venezia,Atalanta,0,2,A,Atalanta
Serie A,2024-10-20,Cagliari,Torino,3,2,H,Cagliari
Serie A,2024-10-20,Roma,Inter,0,1,A,Inter
Serie A,2024-10-21,Verona,Monza,0,3,A,Monza
Serie A,2024-10-25,Udinese,Cagliari,2,0,H,Udinese
Serie A,2024-10-25,Torino,Como,1,0,H,Torino
Serie A,2024-10-26,Napoli,Lecce,1,0,H,Napoli
Serie A,2024-10-26,Atalanta,Verona,6,1,H,Atalanta
Serie A,2024-10-27,Parma,Empoli,1,1,D,Draw
Serie A,2024-10-27,Lazio,Genoa,3,0,H,Lazio
Serie A,2024-10-27,Monza,Venezia,2,2,D,Draw
Serie A,2024-10-27,Inter,Juventus,4,4,D,Draw
Serie A,2024-10-27,Fiorentina,Roma,5,1,H,Fiorentina
Serie A,2024-10-29,Cagliari,Bologna,0,2,A,Bologna
Serie A,2024-10-29,Lecce,Verona,1,0,H,Lecce
Serie A,2024-10-29,Milan,Napoli,0,2,A,Napoli
Serie A,2024-10-30,Empoli,Inter,0,3,A,Inter
Serie A,2024-10-30,Venezia,Udinese,3,2,H,Venezia
Serie A,2024-10-30,Atalanta,Monza,2,0,H,Atalanta
Serie A,2024-10-30,Juventus,Parma,2,2,D,Draw
Serie A,2024-10-31,Genoa,Fiorentina,0,1,A,Fiorentina
Serie A,2024-10-31,Como,Lazio,1,5,A,Lazio
Serie A,2024-10-31,Roma,Torino,1,0,H,Roma
Serie A,2024-11-02,Bologna,Lecce,1,0,H,Bologna
Serie A,2024-11-02,Udinese,Juventus,0,2,A,Juventus
Serie A,2024-11-02,Monza,Milan,0,1,A,Milan
Serie A,2024-11-03,Napoli,Atalanta,0,3,A,Atalanta
Serie A,2024-11-03,Torino,Fiorentina,0,1,A,Fiorentina
Serie A,2024-11-03,Verona,Roma,3,2,H,Verona
Serie A,2024-11-03,Inter,Venezia,1,0,H,Inter
Serie A,2024-11-04,Empoli,Como,1,0,H,Empoli
Serie A,2024-11-04,Parma,Genoa,0,1,A,Genoa
Serie A,2024-11-04,Lazio,Cagliari,2,1,H,Lazio
Serie A,2024-11-07,Genoa,Como,1,1,D,Draw
Serie A,2024-11-08,Lecce,Empoli,1,1,D,Draw
Serie A,2024-11-09,Venezia,Parma,1,2,A,Parma
Serie A,2024-11-09,Cagliari,Milan,3,3,D,Draw
Serie A,2024-11-09,Juventus,Torino,2,0,H,Juventus
Serie A,2024-11-10,Atalanta,Udinese,2,1,H,Atalanta
Serie A,2024-11-10,Fiorentina,Verona,3,1,H,Fiorentina
Serie A,2024-11-10,Roma,Bologna,2,3,A,Bologna
Serie A,2024-11-10,Monza,Lazio,0,1,A,Lazio
Serie A,2024-11-10,Inter,Napoli,1,1,D,Draw
Serie A,2024-11-23,Verona,Inter,0,5,A,Inter
Serie A,2024-11-23,Milan,Juventus,0,0,D,Draw
Serie A,2024-11-23,Parma,Atalanta,1,3,A,Atalanta
Serie A,2024-11-24,Genoa,Cagliari,2,2,D,Draw
Serie A,2024-11-24,Como,Fiorentina,0,2,A,Fiorentina
Serie A,2024-11-24,Torino,Monza,1,1,D,Draw
Serie A,2024-11-24,Napoli,Roma,1,0,H,Napoli
Serie A,2024-11-24,Lazio,Bologna,3,0,H,Lazio
Serie A,2024-11-25,Empoli,Udinese,1,1,D,Draw
Serie A,2024-11-25,Venezia,Lecce,0,1,A,Lecce
Serie A,2024-11-29,Cagliari,Verona,1,0,H,Cagliari
Serie A,2024-11-30,Como,Monza,1,1,D,Draw
Serie A,2024-11-30,Milan,Empoli,3,0,H,Milan
Serie A,2024-11-30,Bologna,Venezia,3,0,H,Bologna
Serie A,2024-12-01,Udinese,Genoa,0,2,A,Genoa
Serie A,2024-12-01,Parma,Lazio,3,1,H,Parma
Serie A,2024-12-01,Torino,Napoli,0,1,A,Napoli
Serie A,2024-12-01,Lecce,Juventus,1,1,D,Draw
Serie A,2024-12-02,Roma,Atalanta,0,2,A,Atalanta
Serie A,2024-12-06,Inter,Parma,3,1,H,Inter
Serie A,2024-12-06,Atalanta,Milan,2,1,H,Atalanta
Serie A,2024-12-07,Genoa,Torino,0,0,D,Draw
Serie A,2024-12-07,Juventus,Bologna,2,2,D,Draw
Serie A,2024-12-07,Roma,Lecce,4,1,H,Roma
Serie A,2024-12-08,Fiorentina,Cagliari,1,0,H,Fiorentina
Serie A,2024-12-08,Verona,Empoli,1,4,A,Empoli
Serie A,2024-12-08,Venezia,Como,2,2,D,Draw
Serie A,2024-12-08,Napoli,Lazio,0,1,A,Lazio
Serie A,2024-12-09,Monza,Udinese,1,2,A,Udinese
Serie A,2024-12-13,Empoli,Torino,0,1,A,Torino
Serie A,2024-12-14,Cagliari,Atalanta,0,1,A,Atalanta
Serie A,2024-12-14,Udinese,Napoli,1,3,A,Napoli
Serie A,2024-12-14,Juventus,Venezia,2,2,D,Draw
Serie A,2024-12-15,Lecce,Monza,2,1,H,Lecce
Serie A,2024-12-15,Bologna,Fiorentina,1,0,H,Bologna
Serie A,2024-12-15,Parma,Verona,2,3,A,Verona
Serie A,2024-12-15,Como,Roma,2,0,H,Como
Serie A,2024-12-15,Milan,Genoa,0,0,D,Draw
Serie A,2024-12-16,Lazio,Inter,0,6,A,Inter
Serie A,2024-12-20,Verona,Milan,0,1,A,Milan
Serie A,2024-12-21,Torino,Bologna,0,2,A,Bologna
Serie A,2024-12-21,Genoa,Napoli,1,2,A,Napoli
Serie A,2024-12-21,Lecce,Lazio,1,2,A,Lazio
Serie A,2024-12-22,Roma,Parma,5,0,H,Roma
Serie A,2024-12-22,Venezia,Cagliari,2,1,H,Venezia
Serie A,2024-12-22,Atalanta,Empoli,3,2,H,Atalanta
Serie A,2024-12-22,Monza,Juventus,1,2,A,Juventus
Serie A,2024-12-23,Fiorentina,Udinese,1,2,A,Udinese
Serie A,2024-12-23,Inter,Como,2,0,H,Inter
Serie A,2024-12-28,Empoli,Genoa,1,2,A,Genoa
Serie A,2024-12-28,Parma,Monza,2,1,H,Parma
Serie A,2024-12-28,Cagliari,Inter,0,3,A,Inter
Serie A,2024-12-28,Lazio,Atalanta,1,1,D,Draw
Serie A,2024-12-29,Udinese,Torino,2,2,D,Draw
Serie A,2024-12-29,Napoli,Venezia,1,0,H,Napoli
Serie A,2024-12-29,Juventus,Fiorentina,2,2,D,Draw
Serie A,2024-12-29,Milan,Roma,1,1,D,Draw
Serie A,2024-12-30,Como,Lecce,2,0,H,Como
Serie A,2024-12-30,Bologna,Verona,2,3,A,Verona
Serie A,2025-01-04,Venezia,Empoli,1,1,D,Draw
Serie A,2025-01-04,Fiorentina,Napoli,0,3,A,Napoli
Serie A,2025-01-04,Verona,Udinese,0,0,D,Draw
Serie A,2025-01-05,Monza,Cagliari,1,2,A,Cagliari
Serie A,2025-01-05,Lecce,Genoa,0,0,D,Draw
Serie A,2025-01-05,Torino,Parma,0,0,D,Draw
Serie A,2025-01-05,Roma,Lazio,2,0,H,Roma
Serie A,2025-01-10,Lazio,Como,1,1,D,Draw
Serie A,2025-01-11,Empoli,Lecce,1,3,A,Lecce
Serie A,2025-01-11,Udinese,Atalanta,0,0,D,Draw
Serie A,2025-01-11,Torino,Juventus,1,1,D,Draw
Serie A,2025-01-11,Milan,Cagliari,1,1,D,Draw
Serie A,2025-01-12,Genoa,Parma,1,0,H,Genoa
Serie A,2025-01-12,Venezia,Inter,0,1,A,Inter
Serie A,2025-01-12,Bologna,Roma,2,2,D,Draw
Serie A,2025-01-12,Napoli,Verona,2,0,H,Napoli
Serie A,2025-01-13,Monza,Fiorentina,2,1,H,Monza
Serie A,2025-01-14,Como,Milan,1,2,A,Milan
Serie A,2025-01-14,Atalanta,Juventus,1,1,D,Draw
Serie A,2025-01-15,Inter,Bologna,2,2,D,Draw
Serie A,2025-01-17,Roma,Genoa,3,1,H,Roma
Serie A,2025-01-18,Bologna,Monza,3,1,H,Bologna
Serie A,2025-01-18,Juventus,Milan,2,0,H,Juventus
Serie A,2025-01-18,Atalanta,Napoli,2,3,A,Napoli
Serie A,2025-01-19,Fiorentina,Torino,1,1,D,Draw
Serie A,2025-01-19,Cagliari,Lecce,4,1,H,Cagliari
Serie A,2025-01-19,Parma,Venezia,1,1,D,Draw
Serie A,2025-01-19,Verona,Lazio,0,3,A,Lazio
Serie A,2025-01-19,Inter,Empoli,3,1,H,Inter
Serie A,2025-01-20,Como,Udinese,4,1,H,Como
Serie A,2025-01-24,Torino,Cagliari,2,0,H,Torino
Serie A,2025-01-25,Como,Atalanta,1,2,A,Atalanta
Serie A,2025-01-25,Napoli,Juventus,2,1,H,Napoli
Serie A,2025-01-25,Empoli,Bologna,1,1,D,Draw
Serie A,2025-01-26,Milan,Parma,3,2,H,Milan
Serie A,2025-01-26,Udinese,Roma,1,2,A,Roma
Serie A,2025-01-26,Lecce,Inter,0,4,A,Inter
Serie A,2025-01-26,Lazio,Fiorentina,1,2,A,Fiorentina
Serie A,2025-01-27,Venezia,Verona,1,1,D,Draw
Serie A,2025-01-27,Genoa,Monza,2,0,H,Genoa
Serie A,2025-01-31,Parma,Lecce,1,3,A,Lecce
Serie A,2025-02-01,Monza,Verona,0,1,A,Verona
Serie A,2025-02-01,Udinese,Venezia,3,2,H,Udinese
Serie A,2025-02-01,Atalanta,Torino,1,1,D,Draw
Serie A,2025-02-01,Bologna,Como,2,0,H,Bologna
Serie A,2025-02-02,Juventus,Empoli,4,1,H,Juventus
Serie A,2025-02-02,Fiorentina,Genoa,2,1,H,Fiorentina
Serie A,2025-02-02,Milan,Inter,1,1,D,Draw
Serie A,2025-02-02,Roma,Napoli,1,1,D,Draw
Serie A,2025-02-03,Cagliari,Lazio,1,2,A,Lazio
Serie A,2025-02-06,Fiorentina,Inter,3,0,H,Fiorentina
Serie A,2025-02-07,Como,Juventus,1,2,A,Juventus
Serie A,2025-02-08,Verona,Atalanta,0,5,A,Atalanta
Serie A,2025-02-08,Empoli,Milan,0,2,A,Milan
Serie A,2025-02-08,Torino,Genoa,1,1,D,Draw
Serie A,2025-02-09,Venezia,Roma,0,1,A,Roma
Serie A,2025-02-09,Cagliari,Parma,2,1,H,Cagliari
Serie A,2025-02-09,Lazio,Monza,5,1,H,Lazio
Serie A,2025-02-09,Lecce,Bologna,0,0,D,Draw
Serie A,2025-02-09,Napoli,Udinese,1,1,D,Draw
Serie A,2025-02-10,Inter,Fiorentina,2,1,H,Inter
Serie A,2025-02-14,Bologna,Torino,3,2,H,Bologna
Serie A,2025-02-15,Atalanta,Cagliari,0,0,D,Draw
Serie A,2025-02-15,Lazio,Napoli,2,2,D,Draw
Serie A,2025-02-15,Milan,Verona,1,0,H,Milan
Serie A,2025-02-16,Fiorentina,Como,0,2,A,Como
Serie A,2025-02-16,Monza,Lecce,0,0,D,Draw
Serie A,2025-02-16,Udinese,Empoli,3,0,H,Udinese
Serie A,2025-02-16,Parma,Roma,0,1,A,Roma
Serie A,2025-02-16,Juventus,Inter,1,0,H,Juventus
Serie A,2025-02-17,Genoa,Venezia,2,0,H,Genoa
Serie A,2025-02-21,Lecce,Udinese,0,1,A,Udinese
Serie A,2025-02-22,Parma,Bologna,2,0,H,Parma
Serie A,2025-02-22,Venezia,Lazio,0,0,D,Draw
Serie A,2025-02-22,Torino,Milan,2,1,H,Torino
Serie A,2025-02-22,Inter,Genoa,1,0,H,Inter
Serie A,2025-02-23,Como,Napoli,2,1,H,Como
Serie A,2025-02-23,Verona,Fiorentina,1,0,H,Verona
Serie A,2025-02-23,Empoli,Atalanta,0,5,A,Atalanta
Serie A,2025-02-23,Cagliari,Juventus,0,1,A,Juventus
Serie A,2025-02-24,Roma,Monza,4,0,H,Roma
Serie A,2025-02-27,Bologna,Milan,2,1,H,Bologna
Serie A,2025-02-28,Fiorentina,Lecce,1,0,H,Fiorentina
Serie A,2025-03-01,Atalanta,Venezia,0,0,D,Draw
Serie A,2025-03-01,Napoli,Inter,1,1,D,Draw
Serie A,2025-03-01,Udinese,Parma,1,0,H,Udinese
Serie A,2025-03-02,Monza,Torino,0,2,A,Torino
Serie A,2025-03-02,Bologna,Cagliari,2,1,H,Bologna
Serie A,2025-03-02,Genoa,Empoli,1,1,D,Draw
Serie A,2025-03-02,Roma,Como,2,1,H,Roma
Serie A,2025-03-02,Milan,Lazio,1,2,A,Lazio
Serie A,2025-03-03,Juventus,Verona,2,0,H,Juventus
Serie A,2025-03-07,Cagliari,Genoa,1,1,D,Draw
Serie A,2025-03-08,Como,Venezia,1,1,D,Draw
Serie A,2025-03-08,Parma,Torino,2,2,D,Draw
Serie A,2025-03-08,Lecce,Milan,2,3,A,Milan
Serie A,2025-03-08,Inter,Monza,3,2,H,Inter
Serie A,2025-03-09,Verona,Bologna,1,2,A,Bologna
Serie A,2025-03-09,Napoli,Fiorentina,2,1,H,Napoli
Serie A,2025-03-09,Empoli,Roma,0,1,A,Roma
Serie A,2025-03-09,Juventus,Atalanta,0,4,A,Atalanta
Serie A,2025-03-10,Lazio,Udinese,1,1,D,Draw
Serie A,2025-03-14,Genoa,Lecce,2,1,H,Genoa
Serie A,2025-03-15,Monza,Parma,1,1,D,Draw
Serie A,2025-03-15,Udinese,Verona,0,1,A,Verona
Serie A,2025-03-15,Milan,Como,2,1,H,Milan
Serie A,2025-03-15,Torino,Empoli,1,0,H,Torino
Serie A,2025-03-16,Venezia,Napoli,0,0,D,Draw
Serie A,2025-03-16,Bologna,Lazio,5,0,H,Bologna
Serie A,2025-03-16,Roma,Cagliari,1,0,H,Roma
Serie A,2025-03-16,Fiorentina,Juventus,3,0,H,Fiorentina
Serie A,2025-03-16,Atalanta,Inter,0,2,A,Inter
Serie A,2025-03-29,Como,Empoli,1,1,D,Draw
Serie A,2025-03-29,Venezia,Bologna,0,1,A,Bologna
Serie A,2025-03-29,Juventus,Genoa,1,0,H,Juventus
Serie A,2025-03-29,Lecce,Roma,0,1,A,Roma
Serie A,2025-03-30,Cagliari,Monza,3,0,H,Cagliari
Serie A,2025-03-30,Fiorentina,Atalanta,1,0,H,Fiorentina
Serie A,2025-03-30,Inter,Udinese,2,1,H,Inter
Serie A,2025-03-30,Napoli,Milan,2,1,H,Napoli
Serie A,2025-03-31,Verona,Parma,0,0,D,Draw
Serie A,2025-03-31,Lazio,Torino,1,1,D,Draw
Serie A,2025-04-04,Genoa,Udinese,1,0,H,Genoa
Serie A,2025-04-05,Monza,Como,1,3,A,Como
Serie A,2025-04-05,Parma,Inter,2,2,D,Draw
Serie A,2025-04-05,Milan,Fiorentina,2,2,D,Draw
Serie A,2025-04-06,Lecce,Venezia,1,1,D,Draw
Serie A,2025-04-06,Empoli,Cagliari,0,0,D,Draw
Serie A,2025-04-06,Torino,Verona,1,1,D,Draw
Serie A,2025-04-06,Atalanta,Lazio,0,1,A,Lazio
Serie A,2025-04-06,Roma,Juventus,1,1,D,Draw
Serie A,2025-04-07,Bologna,Napoli,1,1,D,Draw
Serie A,2025-04-11,Udinese,Milan,0,4,A,Milan
Serie A,2025-04-12,Venezia,Monza,1,0,H,Venezia
Serie A,2025-04-12,Inter,Cagliari,3,1,H,Inter
Serie A,2025-04-12,Juventus,Lecce,2,1,H,Juventus
Serie A,2025-04-13,Atalanta,Bologna,2,0,H,Atalanta
Serie A,2025-04-13,Fiorentina,Parma,0,0,D,Draw
Serie A,2025-04-13,Verona,Genoa,0,0,D,Draw
Serie A,2025-04-13,Como,Torino,1,0,H,Como
Serie A,2025-04-13,Lazio,Roma,1,1,D,Draw
Serie A,2025-04-14,Napoli,Empoli,3,0,H,Napoli
Serie A,2025-04-19,Lecce,Como,0,3,A,Como
Serie A,2025-04-19,Monza,Napoli,0,1,A,Napoli
Serie A,2025-04-19,Roma,Verona,1,0,H,Roma
Serie A,2025-04-20,Empoli,Venezia,2,2,D,Draw
Serie A,2025-04-20,Bologna,Inter,1,0,H,Bologna
Serie A,2025-04-20,Milan,Atalanta,0,1,A,Atalanta
Serie A,2025-04-23,Cagliari,Fiorentina,1,2,A,Fiorentina
Serie A,2025-04-23,Genoa,Lazio,0,2,A,Lazio
Serie A,2025-04-23,Parma,Juventus,1,0,H,Parma
Serie A,2025-04-23,Torino,Udinese,2,0,H,Torino
Serie A,2025-04-27,Como,Genoa,1,0,H,Como
Serie A,2025-04-27,Venezia,Milan,0,2,A,Milan
Serie A,2025-04-27,Fiorentina,Empoli,2,1,H,Fiorentina
Serie A,2025-04-27,Inter,Roma,0,1,A,Roma
Serie A,2025-04-27,Juventus,Monza,2,0,H,Juventus
Serie A,2025-04-27,Atalanta,Lecce,1,1,D,Draw
Serie A,2025-04-27,Napoli,Torino,2,0,H,Napoli
Serie A,2025-04-28,Udinese,Bologna,0,0,D,Draw
Serie A,2025-04-28,Lazio,Parma,2,2,D,Draw
Serie A,2025-04-28,Verona,Cagliari,0,2,A,Cagliari
Serie A,2025-05-02,Torino,Venezia,1,1,D,Draw
Serie A,2025-05-03,Cagliari,Udinese,1,2,A,Udinese
Serie A,2025-05-03,Parma,Como,0,1,A,Como
Serie A,2025-05-03,Lecce,Napoli,0,1,A,Napoli
Serie A,2025-05-03,Inter,Verona,1,0,H,Inter
Serie A,2025-05-04,Empoli,Lazio,0,1,A,Lazio
Serie A,2025-05-04,Monza,Atalanta,0,4,A,Atalanta
Serie A,2025-05-04,Roma,Fiorentina,1,0,H,Roma
Serie A,2025-05-04,Bologna,Juventus,1,1,D,Draw
Serie A,2025-05-05,Genoa,Milan,1,2,A,Milan
Serie A,2025-05-09,Milan,Bologna,3,1,H,Milan
Serie A,2025-05-10,Como,Cagliari,3,1,H,Como
Serie A,2025-05-10,Lazio,Juventus,1,1,D,Draw
Serie A,2025-05-10,Empoli,Parma,2,1,H,Empoli
Serie A,2025-05-11,Udinese,Monza,1,2,A,Monza
Serie A,2025-05-11,Verona,Lecce,1,1,D,Draw
Serie A,2025-05-11,Torino,Inter,0,2,A,Inter
Serie A,2025-05-11,Napoli,Genoa,2,2,D,Draw
Serie A,2025-05-12,Venezia,Fiorentina,2,1,H,Venezia
Serie A,2025-05-12,Atalanta,Roma,2,1,H,Atalanta
Serie A,2025-05-17,Genoa,Atalanta,2,3,A,Atalanta
Serie A,2025-05-18,Cagliari,Venezia,3,0,H,Cagliari
Serie A,2025-05-18,Fiorentina,Bologna,3,2,H,Fiorentina
Serie A,2025-05-18,Inter,Lazio,2,2,D,Draw
Serie A,2025-05-18,Juventus,Udinese,2,0,H,Juventus
Serie A,2025-05-18,Lecce,Torino,1,0,H,Lecce
Serie A,2025-05-18,Monza,Empoli,1,3,A,Empoli
Serie A,2025-05-18,Parma,Napoli,0,0,D,Draw
Serie A,2025-05-18,Roma,Milan,3,1,H,Roma
Serie A,2025-05-18,Verona,Como,1,1,D,Draw
Serie A,2025-05-23,Como,Inter,0,2,A,Inter
Serie A,2025-05-23,Napoli,Cagliari,2,0,H,Napoli
Serie A,2025-05-24,Bologna,Genoa,1,3,A,Genoa
Serie A,2025-05-24,Milan,Monza,2,0,H,Milan
Serie A,2025-05-25,Atalanta,Parma,2,3,A,Parma
Serie A,2025-05-25,Empoli,Verona,1,2,A,Verona
Serie A,2025-05-25,Lazio,Lecce,0,1,A,Lecce
Serie A,2025-05-25,Torino,Roma,0,2,A,Roma
Serie A,2025-05-25,Udinese,Fiorentina,2,3,A,Fiorentina
Serie A,2025-05-25,Venezia,Juventus,2,3,A,Juventus
Bundesliga,2024-08-23,M'gladbach,Leverkusen,2,3,A,Leverkusen
Bundesliga,2024-08-24,Augsburg,Werder Bremen,2,2,D,Draw
Bundesliga,2024-08-24,Freiburg,Stuttgart,3,1,H,Freiburg
Bundesliga,2024-08-24,Hoffenheim,Holstein Kiel,3,2,H,Hoffenheim
Bundesliga,2024-08-24,Mainz,Union Berlin,1,1,D,Draw
Bundesliga,2024-08-24,RB Leipzig,Bochum,1,0,H,RB Leipzig
Bundesliga,2024-08-24,Dortmund,Ein Frankfurt,2,0,H,Dortmund
Bundesliga,2024-08-25,Wolfsburg,Bayern Munich,2,3,A,Bayern Munich
Bundesliga,2024-08-25,St Pauli,Heidenheim,0,2,A,Heidenheim
Bundesliga,2024-08-30,Union Berlin,St Pauli,1,0,H,Union Berlin
Bundesliga,2024-08-31,Bochum,M'gladbach,0,2,A,M'gladbach
Bundesliga,2024-08-31,Ein Frankfurt,Hoffenheim,3,1,H,Ein Frankfurt
Bundesliga,2024-08-31,Holstein Kiel,Wolfsburg,0,2,A,Wolfsburg
Bundesliga,2024-08-31,Stuttgart,Mainz,3,3,D,Draw
Bundesliga,2024-08-31,Werder Bremen,Dortmund,0,0,D,Draw
Bundesliga,2024-08-31,Leverkusen,RB Leipzig,2,3,A,RB Leipzig
Bundesliga,2024-09-01,Heidenheim,Augsburg,4,0,H,Heidenheim
Bundesliga,2024-09-01,Bayern Munich,Freiburg,2,0,H,Bayern Munich
Bundesliga,2024-09-13,Dortmund,Heidenheim,4,2,H,Dortmund
Bundesliga,2024-09-14,Freiburg,Bochum,2,1,H,Freiburg
Bundesliga,2024-09-14,Hoffenheim,Leverkusen,1,4,A,Leverkusen
Bundesliga,2024-09-14,M'gladbach,Stuttgart,1,3,A,Stuttgart
Bundesliga,2024-09-14,RB Leipzig,Union Berlin,0,0,D,Draw
Bundesliga,2024-09-14,Wolfsburg,Ein Frankfurt,1,2,A,Ein Frankfurt
Bundesliga,2024-09-14,Holstein Kiel,Bayern Munich,1,6,A,Bayern Munich
Bundesliga,2024-09-15,Augsburg,St Pauli,3,1,H,Augsburg
Bundesliga,2024-09-15,Mainz,Werder Bremen,1,2,A,Werder Bremen
Bundesliga,2024-09-20,Augsburg,Mainz,2,3,A,Mainz
Bundesliga,2024-09-21,Bochum,Holstein Kiel,2,2,D,Draw
Bundesliga,2024-09-21,Heidenheim,Freiburg,0,3,A,Freiburg
Bundesliga,2024-09-21,Union Berlin,Hoffenheim,2,1,H,Union Berlin
Bundesliga,2024-09-21,Werder Bremen,Bayern Munich,0,5,A,Bayern Munich
Bundesliga,2024-09-21,Ein Frankfurt,M'gladbach,2,0,H,Ein Frankfurt
Bundesliga,2024-09-22,Leverkusen,Wolfsburg,4,3,H,Leverkusen
Bundesliga,2024-09-22,Stuttgart,Dortmund,5,1,H,Stuttgart
Bundesliga,2024-09-22,St Pauli,RB Leipzig,0,0,D,Draw
Bundesliga,2024-09-27,Dortmund,Bochum,4,2,H,Dortmund
Bundesliga,2024-09-28,Freiburg,St Pauli,0,3,A,St Pauli
Bundesliga,2024-09-28,Mainz,Heidenheim,0,2,A,Heidenheim
Bundesliga,2024-09-28,M'gladbach,Union Berlin,1,0,H,M'gladbach
Bundesliga,2024-09-28,RB Leipzig,Augsburg,4,0,H,RB Leipzig
Bundesliga,2024-09-28,Wolfsburg,Stuttgart,2,2,D,Draw
Bundesliga,2024-09-28,Bayern Munich,Leverkusen,1,1,D,Draw
Bundesliga,2024-09-29,Holstein Kiel,Ein Frankfurt,2,4,A,Ein Frankfurt
Bundesliga,2024-09-29,Hoffenheim,Werder Bremen,3,4,A,Werder Bremen
Bundesliga,2024-10-04,Augsburg,M'gladbach,2,1,H,Augsburg
Bundesliga,2024-10-05,Bochum,Wolfsburg,1,3,A,Wolfsburg
Bundesliga,2024-10-05,Leverkusen,Holstein Kiel,2,2,D,Draw
Bundesliga,2024-10-05,Union Berlin,Dortmund,2,1,H,Union Berlin
Bundesliga,2024-10-05,Werder Bremen,Freiburg,0,1,A,Freiburg
Bundesliga,2024-10-05,St Pauli,Mainz,0,3,A,Mainz
Bundesliga,2024-10-06,Heidenheim,RB Leipzig,0,1,A,RB Leipzig
Bundesliga,2024-10-06,Ein Frankfurt,Bayern Munich,3,3,D,Draw
Bundesliga,2024-10-06,Stuttgart,Hoffenheim,1,1,D,Draw
Bundesliga,2024-10-18,Dortmund,St Pauli,2,1,H,Dortmund
Bundesliga,2024-10-19,Freiburg,Augsburg,3,1,H,Freiburg
Bundesliga,2024-10-19,Hoffenheim,Bochum,3,1,H,Hoffenheim
Bundesliga,2024-10-19,Leverkusen,Ein Frankfurt,2,1,H,Leverkusen
Bundesliga,2024-10-19,Mainz,RB Leipzig,0,2,A,RB Leipzig
Bundesliga,2024-10-19,M'gladbach,Heidenheim,3,2,H,M'gladbach
Bundesliga,2024-10-19,Bayern Munich,Stuttgart,4,0,H,Bayern Munich
Bundesliga,2024-10-20,Holstein Kiel,Union Berlin,0,2,A,Union Berlin
Bundesliga,2024-10-20,Wolfsburg,Werder Bremen,2,4,A,Werder Bremen
Bundesliga,2024-10-25,Mainz,M'gladbach,1,1,D,Draw
Bundesliga,2024-10-26,Augsburg,Dortmund,2,1,H,Augsburg
Bundesliga,2024-10-26,RB Leipzig,Freiburg,3,1,H,RB Leipzig
Bundesliga,2024-10-26,St Pauli,Wolfsburg,0,0,D,Draw
Bundesliga,2024-10-26,Stuttgart,Holstein Kiel,2,1,H,Stuttgart
Bundesliga,2024-10-26,Werder Bremen,Leverkusen,2,2,D,Draw
Bundesliga,2024-10-27,Bochum,Bayern Munich,0,5,A,Bayern Munich
Bundesliga,2024-10-27,Union Berlin,Ein Frankfurt,1,1,D,Draw
Bundesliga,2024-10-27,Heidenheim,Hoffenheim,0,0,D,Draw
Bundesliga,2024-11-01,Leverkusen,Stuttgart,0,0,D,Draw
Bundesliga,2024-11-02,Bayern Munich,Union Berlin,3,0,H,Bayern Munich
Bundesliga,2024-11-02,Ein Frankfurt,Bochum,7,2,H,Ein Frankfurt
Bundesliga,2024-11-02,Hoffenheim,St Pauli,0,2,A,St Pauli
Bundesliga,2024-11-02,Holstein Kiel,Heidenheim,1,0,H,Holstein Kiel
Bundesliga,2024-11-02,Wolfsburg,Augsburg,1,1,D,Draw
Bundesliga,2024-11-02,Dortmund,RB Leipzig,2,1,H,Dortmund
Bundesliga,2024-11-03,Freiburg,Mainz,0,0,D,Draw
Bundesliga,2024-11-03,M'gladbach,Werder Bremen,4,1,H,M'gladbach
Bundesliga,2024-11-08,Union Berlin,Freiburg,0,0,D,Draw
Bundesliga,2024-11-09,Bochum,Leverkusen,1,1,D,Draw
Bundesliga,2024-11-09,Mainz,Dortmund,3,1,H,Mainz
Bundesliga,2024-11-09,St Pauli,Bayern Munich,0,1,A,Bayern Munich
Bundesliga,2024-11-09,Werder Bremen,Holstein Kiel,2,1,H,Werder Bremen
Bundesliga,2024-11-09,RB Leipzig,M'gladbach,0,0,D,Draw
Bundesliga,2024-11-10,Augsburg,Hoffenheim,0,0,D,Draw
Bundesliga,2024-11-10,Stuttgart,Ein Frankfurt,2,3,A,Ein Frankfurt
Bundesliga,2024-11-10,Heidenheim,Wolfsburg,1,3,A,Wolfsburg
Bundesliga,2024-11-22,Bayern Munich,Augsburg,3,0,H,Bayern Munich
Bundesliga,2024-11-23,Dortmund,Freiburg,4,0,H,Dortmund
Bundesliga,2024-11-23,Hoffenheim,RB Leipzig,4,3,H,Hoffenheim
Bundesliga,2024-11-23,Leverkusen,Heidenheim,5,2,H,Leverkusen
Bundesliga,2024-11-23,Stuttgart,Bochum,2,0,H,Stuttgart
Bundesliga,2024-11-23,Wolfsburg,Union Berlin,1,0,H,Wolfsburg
Bundesliga,2024-11-23,Ein Frankfurt,Werder Bremen,1,0,H,Ein Frankfurt
Bundesliga,2024-11-24,Holstein Kiel,Mainz,0,3,A,Mainz
Bundesliga,2024-11-24,M'gladbach,St Pauli,2,0,H,M'gladbach
Bundesliga,2024-11-29,St Pauli,Holstein Kiel,3,1,H,St Pauli
Bundesliga,2024-11-30,Augsburg,Bochum,1,0,H,Augsburg
Bundesliga,2024-11-30,Freiburg,M'gladbach,3,1,H,Freiburg
Bundesliga,2024-11-30,RB Leipzig,Wolfsburg,1,5,A,Wolfsburg
Bundesliga,2024-11-30,Union Berlin,Leverkusen,1,2,A,Leverkusen
Bundesliga,2024-11-30,Werder Bremen,Stuttgart,2,2,D,Draw
Bundesliga,2024-11-30,Dortmund,Bayern Munich,1,1,D,Draw
Bundesliga,2024-12-01,Mainz,Hoffenheim,2,0,H,Mainz
Bundesliga,2024-12-01,Heidenheim,Ein Frankfurt,0,4,A,Ein Frankfurt
Bundesliga,2024-12-06,Stuttgart,Union Berlin,3,2,H,Stuttgart
Bundesliga,2024-12-07,Bayern Munich,Heidenheim,4,2,H,Bayern Munich
Bundesliga,2024-12-07,Bochum,Werder Bremen,0,1,A,Werder Bremen
Bundesliga,2024-12-07,Ein Frankfurt,Augsburg,2,2,D,Draw
Bundesliga,2024-12-07,Holstein Kiel,RB Leipzig,0,2,A,RB Leipzig
Bundesliga,2024-12-07,Leverkusen,St Pauli,2,1,H,Leverkusen
Bundesliga,2024-12-07,M'gladbach,Dortmund,1,1,D,Draw
Bundesliga,2024-12-08,Wolfsburg,Mainz,4,3,H,Wolfsburg
Bundesliga,2024-12-08,Hoffenheim,Freiburg,1,1,D,Draw
Bundesliga,2024-12-13,Freiburg,Wolfsburg,3,2,H,Freiburg
Bundesliga,2024-12-14,Augsburg,Leverkusen,0,2,A,Leverkusen
Bundesliga,2024-12-14,Mainz,Bayern Munich,2,1,H,Mainz
Bundesliga,2024-12-14,M'gladbach,Holstein Kiel,4,1,H,M'gladbach
Bundesliga,2024-12-14,Union Berlin,Bochum,0,2,A,Bochum
Bundesliga,2024-12-14,St Pauli,Werder Bremen,0,2,A,Werder Bremen
Bundesliga,2024-12-15,Heidenheim,Stuttgart,1,3,A,Stuttgart
Bundesliga,2024-12-15,Dortmund,Hoffenheim,1,1,D,Draw
Bundesliga,2024-12-15,RB Leipzig,Ein Frankfurt,2,1,H,RB Leipzig
Bundesliga,2024-12-20,Bayern Munich,RB Leipzig,5,1,H,Bayern Munich
Bundesliga,2024-12-21,Ein Frankfurt,Mainz,1,3,A,Mainz
Bundesliga,2024-12-21,Hoffenheim,M'gladbach,1,2,A,M'gladbach
Bundesliga,2024-12-21,Holstein Kiel,Augsburg,5,1,H,Holstein Kiel
Bundesliga,2024-12-21,Stuttgart,St Pauli,0,1,A,St Pauli
Bundesliga,2024-12-21,Werder Bremen,Union Berlin,4,1,H,Werder Bremen
Bundesliga,2024-12-21,Leverkusen,Freiburg,5,1,H,Leverkusen
Bundesliga,2024-12-22,Bochum,Heidenheim,2,0,H,Bochum
Bundesliga,2024-12-22,Wolfsburg,Dortmund,1,3,A,Dortmund
Bundesliga,2025-01-10,Dortmund,Leverkusen,2,3,A,Leverkusen
Bundesliga,2025-01-11,Freiburg,Holstein Kiel,3,2,H,Freiburg
Bundesliga,2025-01-11,Heidenheim,Union Berlin,2,0,H,Heidenheim
Bundesliga,2025-01-11,Hoffenheim,Wolfsburg,0,1,A,Wolfsburg
Bundesliga,2025-01-11,Mainz,Bochum,2,0,H,Mainz
Bundesliga,2025-01-11,St Pauli,Ein Frankfurt,0,1,A,Ein Frankfurt
Bundesliga,2025-01-11,M'gladbach,Bayern Munich,0,1,A,Bayern Munich
Bundesliga,2025-01-12,RB Leipzig,Werder Bremen,4,2,H,RB Leipzig
Bundesliga,2025-01-12,Augsburg,Stuttgart,0,1,A,Stuttgart
Bundesliga,2025-01-14,Holstein Kiel,Dortmund,4,2,H,Holstein Kiel
Bundesliga,2025-01-14,Ein Frankfurt,Freiburg,4,1,H,Ein Frankfurt
Bundesliga,2025-01-14,Leverkusen,Mainz,1,0,H,Leverkusen
Bundesliga,2025-01-14,Wolfsburg,M'gladbach,5,1,H,Wolfsburg
Bundesliga,2025-01-15,Bochum,St Pauli,1,0,H,Bochum
Bundesliga,2025-01-15,Bayern Munich,Hoffenheim,5,0,H,Bayern Munich
Bundesliga,2025-01-15,Stuttgart,RB Leipzig,2,1,H,Stuttgart
Bundesliga,2025-01-15,Union Berlin,Augsburg,0,2,A,Augsburg
Bundesliga,2025-01-15,Werder Bremen,Heidenheim,3,3,D,Draw
Bundesliga,2025-01-17,Ein Frankfurt,Dortmund,2,0,H,Ein Frankfurt
Bundesliga,2025-01-18,Bayern Munich,Wolfsburg,3,2,H,Bayern Munich
Bundesliga,2025-01-18,Bochum,RB Leipzig,3,3,D,Draw
Bundesliga,2025-01-18,Heidenheim,St Pauli,0,2,A,St Pauli
Bundesliga,2025-01-18,Holstein Kiel,Hoffenheim,1,3,A,Hoffenheim
Bundesliga,2025-01-18,Stuttgart,Freiburg,4,0,H,Stuttgart
Bundesliga,2025-01-18,Leverkusen,M'gladbach,3,1,H,Leverkusen
Bundesliga,2025-01-19,Union Berlin,Mainz,2,1,H,Union Berlin
Bundesliga,2025-01-19,Werder Bremen,Augsburg,0,2,A,Augsburg
Bundesliga,2025-01-24,Wolfsburg,Holstein Kiel,2,2,D,Draw
Bundesliga,2025-01-25,Augsburg,Heidenheim,2,1,H,Augsburg
Bundesliga,2025-01-25,Dortmund,Werder Bremen,2,2,D,Draw
Bundesliga,2025-01-25,Freiburg,Bayern Munich,1,2,A,Bayern Munich
Bundesliga,2025-01-25,Mainz,Stuttgart,2,0,H,Mainz
Bundesliga,2025-01-25,RB Leipzig,Leverkusen,2,2,D,Draw
Bundesliga,2025-01-25,M'gladbach,Bochum,3,0,H,M'gladbach
Bundesliga,2025-01-26,Hoffenheim,Ein Frankfurt,2,2,D,Draw
Bundesliga,2025-01-26,St Pauli,Union Berlin,3,0,H,St Pauli
Bundesliga,2025-01-31,Werder Bremen,Mainz,1,0,H,Werder Bremen
Bundesliga,2025-02-01,Bayern Munich,Holstein Kiel,4,3,H,Bayern Munich
Bundesliga,2025-02-01,Bochum,Freiburg,0,1,A,Freiburg
Bundesliga,2025-02-01,Heidenheim,Dortmund,1,2,A,Dortmund
Bundesliga,2025-02-01,St Pauli,Augsburg,1,1,D,Draw
Bundesliga,2025-02-01,Stuttgart,M'gladbach,1,2,A,M'gladbach
Bundesliga,2025-02-01,Union Berlin,RB Leipzig,0,0,D,Draw
Bundesliga,2025-02-02,Ein Frankfurt,Wolfsburg,1,1,D,Draw
Bundesliga,2025-02-02,Leverkusen,Hoffenheim,3,1,H,Leverkusen
Bundesliga,2025-02-07,Bayern Munich,Werder Bremen,3,0,H,Bayern Munich
Bundesliga,2025-02-08,Dortmund,Stuttgart,1,2,A,Stuttgart
Bundesliga,2025-02-08,Freiburg,Heidenheim,1,0,H,Freiburg
Bundesliga,2025-02-08,Hoffenheim,Union Berlin,0,4,A,Union Berlin
Bundesliga,2025-02-08,Mainz,Augsburg,0,0,D,Draw
Bundesliga,2025-02-08,Wolfsburg,Leverkusen,0,0,D,Draw
Bundesliga,2025-02-08,M'gladbach,Ein Frankfurt,1,1,D,Draw
Bundesliga,2025-02-09,Holstein Kiel,Bochum,2,2,D,Draw
Bundesliga,2025-02-09,RB Leipzig,St Pauli,2,0,H,RB Leipzig
Bundesliga,2025-02-14,Augsburg,RB Leipzig,0,0,D,Draw
Bundesliga,2025-02-15,Bochum,Dortmund,2,0,H,Bochum
Bundesliga,2025-02-15,St Pauli,Freiburg,0,1,A,Freiburg
Bundesliga,2025-02-15,Stuttgart,Wolfsburg,1,2,A,Wolfsburg
Bundesliga,2025-02-15,Union Berlin,M'gladbach,1,2,A,M'gladbach
Bundesliga,2025-02-15,Leverkusen,Bayern Munich,0,0,D,Draw
Bundesliga,2025-02-16,Werder Bremen,Hoffenheim,1,3,A,Hoffenheim
Bundesliga,2025-02-16,Ein Frankfurt,Holstein Kiel,3,1,H,Ein Frankfurt
Bundesliga,2025-02-16,Heidenheim,Mainz,0,2,A,Mainz
Bundesliga,2025-02-21,Freiburg,Werder Bremen,5,0,H,Freiburg
Bundesliga,2025-02-22,Holstein Kiel,Leverkusen,0,2,A,Leverkusen
Bundesliga,2025-02-22,Mainz,St Pauli,2,0,H,Mainz
Bundesliga,2025-02-22,M'gladbach,Augsburg,0,3,A,Augsburg
Bundesliga,2025-02-22,Wolfsburg,Bochum,1,1,D,Draw
Bundesliga,2025-02-22,Dortmund,Union Berlin,6,0,H,Dortmund
Bundesliga,2025-02-23,RB Leipzig,Heidenheim,2,2,D,Draw
Bundesliga,2025-02-23,Bayern Munich,Ein Frankfurt,4,0,H,Bayern Munich
Bundesliga,2025-02-23,Hoffenheim,Stuttgart,1,1,D,Draw
Bundesliga,2025-02-28,Stuttgart,Bayern Munich,1,3,A,Bayern Munich
Bundesliga,2025-03-01,Bochum,Hoffenheim,0,1,A,Hoffenheim
Bundesliga,2025-03-01,Heidenheim,M'gladbach,0,3,A,M'gladbach
Bundesliga,2025-03-01,RB Leipzig,Mainz,1,2,A,Mainz
Bundesliga,2025-03-01,St Pauli,Dortmund,0,2,A,Dortmund
Bundesliga,2025-03-01,Werder Bremen,Wolfsburg,1,2,A,Wolfsburg
Bundesliga,2025-03-01,Ein Frankfurt,Leverkusen,1,4,A,Leverkusen
Bundesliga,2025-03-02,Union Berlin,Holstein Kiel,0,1,A,Holstein Kiel
Bundesliga,2025-03-02,Augsburg,Freiburg,0,0,D,Draw
Bundesliga,2025-03-07,M'gladbach,Mainz,1,3,A,Mainz
Bundesliga,2025-03-08,Bayern Munich,Bochum,2,3,A,Bochum
Bundesliga,2025-03-08,Dortmund,Augsburg,0,1,A,Augsburg
Bundesliga,2025-03-08,Holstein Kiel,Stuttgart,2,2,D,Draw
Bundesliga,2025-03-08,Leverkusen,Werder Bremen,0,2,A,Werder Bremen
Bundesliga,2025-03-08,Wolfsburg,St Pauli,1,1,D,Draw
Bundesliga,2025-03-08,Freiburg,RB Leipzig,0,0,D,Draw
Bundesliga,2025-03-09,Ein Frankfurt,Union Berlin,1,2,A,Union Berlin
Bundesliga,2025-03-09,Hoffenheim,Heidenheim,1,1,D,Draw
Bundesliga,2025-03-14,St Pauli,Hoffenheim,1,0,H,St Pauli
Bundesliga,2025-03-15,Augsburg,Wolfsburg,1,0,H,Augsburg
Bundesliga,2025-03-15,Mainz,Freiburg,2,2,D,Draw
Bundesliga,2025-03-15,Union Berlin,Bayern Munich,1,1,D,Draw
Bundesliga,2025-03-15,Werder Bremen,M'gladbach,2,4,A,M'gladbach
Bundesliga,2025-03-15,RB Leipzig,Dortmund,2,0,H,RB Leipzig
Bundesliga,2025-03-16,Bochum,Ein Frankfurt,1,3,A,Ein Frankfurt
Bundesliga,2025-03-16,Heidenheim,Holstein Kiel,3,1,H,Heidenheim
Bundesliga,2025-03-16,Stuttgart,Leverkusen,3,4,A,Leverkusen
Bundesliga,2025-03-28,Leverkusen,Bochum,3,1,H,Leverkusen
Bundesliga,2025-03-29,Bayern Munich,St Pauli,3,2,H,Bayern Munich
Bundesliga,2025-03-29,Hoffenheim,Augsburg,1,1,D,Draw
Bundesliga,2025-03-29,Holstein Kiel,Werder Bremen,0,3,A,Werder Bremen
Bundesliga,2025-03-29,M'gladbach,RB Leipzig,1,0,H,M'gladbach
Bundesliga,2025-03-29,Wolfsburg,Heidenheim,0,1,A,Heidenheim
Bundesliga,2025-03-29,Ein Frankfurt,Stuttgart,1,0,H,Ein Frankfurt
Bundesliga,2025-03-30,Freiburg,Union Berlin,1,2,A,Union Berlin
Bundesliga,2025-03-30,Dortmund,Mainz,3,1,H,Dortmund
Bundesliga,2025-04-04,Augsburg,Bayern Munich,1,3,A,Bayern Munich
Bundesliga,2025-04-05,Bochum,Stuttgart,0,4,A,Stuttgart
Bundesliga,2025-04-05,Freiburg,Dortmund,1,4,A,Dortmund
Bundesliga,2025-04-05,Heidenheim,Leverkusen,0,1,A,Leverkusen
Bundesliga,2025-04-05,Mainz,Holstein Kiel,1,1,D,Draw
Bundesliga,2025-04-05,RB Leipzig,Hoffenheim,3,1,H,RB Leipzig
Bundesliga,2025-04-05,Werder Bremen,Ein Frankfurt,2,0,H,Werder Bremen
Bundesliga,2025-04-06,St Pauli,M'gladbach,1,1,D,Draw
Bundesliga,2025-04-06,Union Berlin,Wolfsburg,1,0,H,Union Berlin
Bundesliga,2025-04-11,Wolfsburg,RB Leipzig,2,3,A,RB Leipzig
Bundesliga,2025-04-12,Bochum,Augsburg,1,2,A,Augsburg
Bundesliga,2025-04-12,Hoffenheim,Mainz,2,0,H,Hoffenheim
Bundesliga,2025-04-12,Holstein Kiel,St Pauli,1,2,A,St Pauli
Bundesliga,2025-04-12,Leverkusen,Union Berlin,0,0,D,Draw
Bundesliga,2025-04-12,M'gladbach,Freiburg,1,2,A,Freiburg
Bundesliga,2025-04-12,Bayern Munich,Dortmund,2,2,D,Draw
Bundesliga,2025-04-13,Stuttgart,Werder Bremen,1,2,A,Werder Bremen
Bundesliga,2025-04-13,Ein Frankfurt,Heidenheim,3,0,H,Ein Frankfurt
Bundesliga,2025-04-19,Freiburg,Hoffenheim,3,2,H,Freiburg
Bundesliga,2025-04-19,Heidenheim,Bayern Munich,0,4,A,Bayern Munich
Bundesliga,2025-04-19,Mainz,Wolfsburg,2,2,D,Draw
Bundesliga,2025-04-19,RB Leipzig,Holstein Kiel,1,1,D,Draw
Bundesliga,2025-04-19,Werder Bremen,Bochum,1,0,H,Werder Bremen
Bundesliga,2025-04-19,Union Berlin,Stuttgart,4,4,D,Draw
Bundesliga,2025-04-20,Augsburg,Ein Frankfurt,0,0,D,Draw
Bundesliga,2025-04-20,Dortmund,M'gladbach,3,2,H,Dortmund
Bundesliga,2025-04-20,St Pauli,Leverkusen,1,1,D,Draw
Bundesliga,2025-04-25,Stuttgart,Heidenheim,0,1,A,Heidenheim
Bundesliga,2025-04-26,Bayern Munich,Mainz,3,0,H,Bayern Munich
Bundesliga,2025-04-26,Hoffenheim,Dortmund,2,3,A,Dortmund
Bundesliga,2025-04-26,Holstein Kiel,M'gladbach,4,3,H,Holstein Kiel
Bundesliga,2025-04-26,Leverkusen,Augsburg,2,0,H,Leverkusen
Bundesliga,2025-04-26,Wolfsburg,Freiburg,0,1,A,Freiburg
Bundesliga,2025-04-26,Ein Frankfurt,RB Leipzig,4,0,H,Ein Frankfurt
Bundesliga,2025-04-27,Bochum,Union Berlin,1,1,D,Draw
Bundesliga,2025-04-27,Werder Bremen,St Pauli,0,0,D,Draw
Bundesliga,2025-05-02,Heidenheim,Bochum,0,0,D,Draw
Bundesliga,2025-05-03,M'gladbach,Hoffenheim,4,4,D,Draw
Bundesliga,2025-05-03,RB Leipzig,Bayern Munich,3,3,D,Draw
Bundesliga,2025-05-03,St Pauli,Stuttgart,0,1,A,Stuttgart
Bundesliga,2025-05-03,Union Berlin,Werder Bremen,2,2,D,Draw
Bundesliga,2025-05-03,Dortmund,Wolfsburg,4,0,H,Dortmund
Bundesliga,2025-05-04,Augsburg,Holstein Kiel,1,3,A,Holstein Kiel
Bundesliga,2025-05-04,Freiburg,Leverkusen,2,2,D,Draw
Bundesliga,2025-05-04,Mainz,Ein Frankfurt,1,1,D,Draw
Bundesliga,2025-05-09,Wolfsburg,Hoffenheim,2,2,D,Draw
Bundesliga,2025-05-10,Bochum,Mainz,1,4,A,Mainz
Bundesliga,2025-05-10,Holstein Kiel,Freiburg,1,2,A,Freiburg
Bundesliga,2025-05-10,Union Berlin,Heidenheim,0,3,A,Heidenheim
Bundesliga,2025-05-10,Werder Bremen,RB Leipzig,0,0,D,Draw
Bundesliga,2025-05-10,Bayern Munich,M'gladbach,2,0,H,Bayern Munich
Bundesliga,2025-05-11,Leverkusen,Dortmund,2,4,A,Dortmund
Bundesliga,2025-05-11,Ein Frankfurt,St Pauli,2,2,D,Draw
Bundesliga,2025-05-11,Stuttgart,Augsburg,4,0,H,Stuttgart
Bundesliga,2025-05-17,Augsburg,Union Berlin,1,2,A,Union Berlin
Bundesliga,2025-05-17,Dortmund,Holstein Kiel,3,0,H,Dortmund
Bundesliga,2025-05-17,Freiburg,Ein Frankfurt,1,3,A,Ein Frankfurt
Bundesliga,2025-05-17,Heidenheim,Werder Bremen,1,4,A,Werder Bremen
Bundesliga,2025-05-17,Hoffenheim,Bayern Munich,0,4,A,Bayern Munich
Bundesliga,2025-05-17,Mainz,Leverkusen,2,2,D,Draw
Bundesliga,2025-05-17,M'gladbach,Wolfsburg,0,1,A,Wolfsburg
Bundesliga,2025-05-17,RB Leipzig,Stuttgart,2,3,A,Stuttgart
Bundesliga,2025-05-17,St Pauli,Bochum,0,2,A,Bochum
Ligue 1,2024-08-16,Le Havre,Paris SG,1,4,A,Paris SG
Ligue 1,2024-08-17,Brest,Marseille,1,5,A,Marseille
Ligue 1,2024-08-17,Reims,Lille,0,2,A,Lille
Ligue 1,2024-08-17,Monaco,St Etienne,1,0,H,Monaco
Ligue 1,2024-08-18,Auxerre,Nice,2,1,H,Auxerre
Ligue 1,2024-08-18,Angers,Lens,0,1,A,Lens
Ligue 1,2024-08-18,Montpellier,Strasbourg,1,1,D,Draw
Ligue 1,2024-08-18,Toulouse,Nantes,0,0,D,Draw
Ligue 1,2024-08-18,Rennes,Lyon,3,0,H,Rennes
Ligue 1,2024-08-23,Paris SG,Montpellier,6,0,H,Paris SG
Ligue 1,2024-08-24,Lyon,Monaco,0,2,A,Monaco
Ligue 1,2024-08-24,Lille,Angers,2,0,H,Lille
Ligue 1,2024-08-24,St Etienne,Le Havre,0,2,A,Le Havre
Ligue 1,2024-08-25,Lens,Brest,2,0,H,Lens
Ligue 1,2024-08-25,Nantes,Auxerre,2,0,H,Nantes
Ligue 1,2024-08-25,Nice,Toulouse,1,1,D,Draw
Ligue 1,2024-08-25,Strasbourg,Rennes,3,1,H,Strasbourg
Ligue 1,2024-08-25,Marseille,Reims,2,2,D,Draw
Ligue 1,2024-08-30,Lyon,Strasbourg,4,3,H,Lyon
Ligue 1,2024-08-31,Brest,St Etienne,4,0,H,Brest
Ligue 1,2024-08-31,Montpellier,Nantes,1,3,A,Nantes
Ligue 1,2024-08-31,Toulouse,Marseille,1,3,A,Marseille
Ligue 1,2024-09-01,Monaco,Lens,1,1,D,Draw
Ligue 1,2024-09-01,Angers,Nice,1,4,A,Nice
Ligue 1,2024-09-01,Le Havre,Auxerre,3,1,H,Le Havre
Ligue 1,2024-09-01,Reims,Rennes,2,1,H,Reims
Ligue 1,2024-09-01,Lille,Paris SG,1,3,A,Paris SG
Ligue 1,2024-09-13,St Etienne,Lille,1,0,H,St Etienne
Ligue 1,2024-09-14,Marseille,Nice,2,0,H,Marseille
Ligue 1,2024-09-14,Auxerre,Monaco,0,3,A,Monaco
Ligue 1,2024-09-14,Paris SG,Brest,3,1,H,Paris SG
Ligue 1,2024-09-15,Rennes,Montpellier,3,0,H,Rennes
Ligue 1,2024-09-15,Nantes,Reims,1,2,A,Reims
Ligue 1,2024-09-15,Strasbourg,Angers,1,1,D,Draw
Ligue 1,2024-09-15,Toulouse,Le Havre,2,0,H,Toulouse
Ligue 1,2024-09-15,Lens,Lyon,0,0,D,Draw
Ligue 1,2024-09-20,Nice,St Etienne,8,0,H,Nice
Ligue 1,2024-09-21,Lille,Strasbourg,3,3,D,Draw
Ligue 1,2024-09-21,Rennes,Lens,1,1,D,Draw
Ligue 1,2024-09-21,Reims,Paris SG,1,1,D,Draw
Ligue 1,2024-09-22,Monaco,Le Havre,3,1,H,Monaco
Ligue 1,2024-09-22,Angers,Nantes,1,1,D,Draw
Ligue 1,2024-09-22,Brest,Toulouse,2,0,H,Brest
Ligue 1,2024-09-22,Montpellier,Auxerre,3,2,H,Montpellier
Ligue 1,2024-09-22,Lyon,Marseille,2,3,A,Marseille
Ligue 1,2024-09-27,Auxerre,Brest,3,0,H,Auxerre
Ligue 1,2024-09-27,Paris SG,Rennes,3,1,H,Paris SG
Ligue 1,2024-09-28,Lens,Nice,0,0,D,Draw
Ligue 1,2024-09-28,Le Havre,Lille,0,3,A,Lille
Ligue 1,2024-09-28,Monaco,Montpellier,2,1,H,Monaco
Ligue 1,2024-09-29,Toulouse,Lyon,1,2,A,Lyon
Ligue 1,2024-09-29,Angers,Reims,1,3,A,Reims
Ligue 1,2024-09-29,Nantes,St Etienne,2,2,D,Draw
Ligue 1,2024-09-29,Strasbourg,Marseille,1,0,H,Strasbourg
Ligue 1,2024-10-04,Marseille,Angers,1,1,D,Draw
Ligue 1,2024-10-05,St Etienne,Auxerre,3,1,H,St Etienne
Ligue 1,2024-10-05,Lille,Toulouse,2,1,H,Lille
Ligue 1,2024-10-05,Rennes,Monaco,1,2,A,Monaco
Ligue 1,2024-10-06,Lyon,Nantes,2,0,H,Lyon
Ligue 1,2024-10-06,Brest,Le Havre,2,0,H,Brest
Ligue 1,2024-10-06,Reims,Montpellier,4,2,H,Reims
Ligue 1,2024-10-06,Strasbourg,Lens,2,2,D,Draw
Ligue 1,2024-10-06,Nice,Paris SG,1,1,D,Draw
Ligue 1,2024-10-18,Monaco,Lille,0,0,D,Draw
Ligue 1,2024-10-19,Brest,Rennes,1,1,D,Draw
Ligue 1,2024-10-19,St Etienne,Lens,0,2,A,Lens
Ligue 1,2024-10-19,Paris SG,Strasbourg,4,2,H,Paris SG
Ligue 1,2024-10-20,Le Havre,Lyon,0,4,A,Lyon
Ligue 1,2024-10-20,Auxerre,Reims,2,1,H,Auxerre
Ligue 1,2024-10-20,Nantes,Nice,1,1,D,Draw
Ligue 1,2024-10-20,Toulouse,Angers,1,1,D,Draw
Ligue 1,2024-10-20,Montpellier,Marseille,0,5,A,Marseille
Ligue 1,2024-10-25,Rennes,Le Havre,1,0,H,Rennes
Ligue 1,2024-10-26,Angers,St Etienne,4,2,H,Angers
Ligue 1,2024-10-26,Reims,Brest,1,2,A,Brest
Ligue 1,2024-10-26,Lens,Lille,0,2,A,Lille
Ligue 1,2024-10-27,Lyon,Auxerre,2,2,D,Draw
Ligue 1,2024-10-27,Montpellier,Toulouse,0,3,A,Toulouse
Ligue 1,2024-10-27,Nice,Monaco,2,1,H,Nice
Ligue 1,2024-10-27,Strasbourg,Nantes,3,1,H,Strasbourg
Ligue 1,2024-10-27,Marseille,Paris SG,0,3,A,Paris SG
Ligue 1,2024-11-01,Monaco,Angers,0,1,A,Angers
Ligue 1,2024-11-01,Lille,Lyon,1,1,D,Draw
Ligue 1,2024-11-02,Paris SG,Lens,1,0,H,Paris SG
Ligue 1,2024-11-02,Brest,Nice,0,1,A,Nice
Ligue 1,2024-11-02,St Etienne,Strasbourg,2,0,H,St Etienne
Ligue 1,2024-11-03,Toulouse,Reims,1,0,H,Toulouse
Ligue 1,2024-11-03,Auxerre,Rennes,4,0,H,Auxerre
Ligue 1,2024-11-03,Le Havre,Montpellier,1,0,H,Le Havre
Ligue 1,2024-11-03,Nantes,Marseille,1,2,A,Marseille
Ligue 1,2024-11-08,Marseille,Auxerre,1,3,A,Auxerre
Ligue 1,2024-11-09,Strasbourg,Monaco,1,3,A,Monaco
Ligue 1,2024-11-09,Lens,Nantes,3,2,H,Lens
Ligue 1,2024-11-09,Angers,Paris SG,2,4,A,Paris SG
Ligue 1,2024-11-10,Nice,Lille,2,2,D,Draw
Ligue 1,2024-11-10,Le Havre,Reims,0,3,A,Reims
Ligue 1,2024-11-10,Montpellier,Brest,3,1,H,Montpellier
Ligue 1,2024-11-10,Rennes,Toulouse,0,2,A,Toulouse
Ligue 1,2024-11-10,Lyon,St Etienne,1,0,H,Lyon
Ligue 1,2024-11-22,Monaco,Brest,3,2,H,Monaco
Ligue 1,2024-11-22,Paris SG,Toulouse,3,0,H,Paris SG
Ligue 1,2024-11-23,Lens,Marseille,1,3,A,Marseille
Ligue 1,2024-11-23,St Etienne,Montpellier,1,0,H,St Etienne
Ligue 1,2024-11-23,Reims,Lyon,1,1,D,Draw
Ligue 1,2024-11-24,Lille,Rennes,1,0,H,Lille
Ligue 1,2024-11-24,Auxerre,Angers,1,0,H,Auxerre
Ligue 1,2024-11-24,Nantes,Le Havre,0,2,A,Le Havre
Ligue 1,2024-11-24,Nice,Strasbourg,2,1,H,Nice
Ligue 1,2024-11-29,Reims,Lens,0,2,A,Lens
Ligue 1,2024-11-30,Rennes,St Etienne,5,0,H,Rennes
Ligue 1,2024-11-30,Brest,Strasbourg,3,1,H,Brest
Ligue 1,2024-11-30,Paris SG,Nantes,1,1,D,Draw
Ligue 1,2024-12-01,Montpellier,Lille,2,2,D,Draw
Ligue 1,2024-12-01,Le Havre,Angers,0,1,A,Angers
Ligue 1,2024-12-01,Lyon,Nice,4,1,H,Lyon
Ligue 1,2024-12-01,Toulouse,Auxerre,2,0,H,Toulouse
Ligue 1,2024-12-01,Marseille,Monaco,2,1,H,Marseille
Ligue 1,2024-12-06,Lille,Brest,3,1,H,Lille
Ligue 1,2024-12-06,Auxerre,Paris SG,0,0,D,Draw
Ligue 1,2024-12-07,Monaco,Toulouse,2,0,H,Monaco
Ligue 1,2024-12-07,Nice,Le Havre,2,1,H,Nice
Ligue 1,2024-12-07,Angers,Lyon,0,3,A,Lyon
Ligue 1,2024-12-08,Lens,Montpellier,2,0,H,Lens
Ligue 1,2024-12-08,Nantes,Rennes,1,0,H,Nantes
Ligue 1,2024-12-08,Strasbourg,Reims,0,0,D,Draw
Ligue 1,2024-12-08,St Etienne,Marseille,0,2,A,Marseille
Ligue 1,2024-12-13,Toulouse,St Etienne,2,1,H,Toulouse
Ligue 1,2024-12-14,Marseille,Lille,1,1,D,Draw
Ligue 1,2024-12-14,Auxerre,Lens,2,2,D,Draw
Ligue 1,2024-12-14,Reims,Monaco,0,0,D,Draw
Ligue 1,2024-12-15,Montpellier,Nice,2,2,D,Draw
Ligue 1,2024-12-15,Brest,Nantes,4,1,H,Brest
Ligue 1,2024-12-15,Le Havre,Strasbourg,0,3,A,Strasbourg
Ligue 1,2024-12-15,Rennes,Angers,2,0,H,Rennes
Ligue 1,2024-12-15,Paris SG,Lyon,3,1,H,Paris SG
Ligue 1,2024-12-18,Monaco,Paris SG,2,4,A,Paris SG
Ligue 1,2025-01-03,Nice,Rennes,3,2,H,Nice
Ligue 1,2025-01-04,St Etienne,Reims,3,1,H,St Etienne
Ligue 1,2025-01-04,Lille,Nantes,1,1,D,Draw
Ligue 1,2025-01-04,Lyon,Montpellier,1,0,H,Lyon
Ligue 1,2025-01-05,Angers,Brest,2,0,H,Angers
Ligue 1,2025-01-05,Lens,Toulouse,0,1,A,Toulouse
Ligue 1,2025-01-05,Strasbourg,Auxerre,3,1,H,Strasbourg
Ligue 1,2025-01-05,Marseille,Le Havre,5,1,H,Marseille
Ligue 1,2025-01-10,Nantes,Monaco,2,2,D,Draw
Ligue 1,2025-01-10,Auxerre,Lille,0,0,D,Draw
Ligue 1,2025-01-11,Brest,Lyon,2,1,H,Brest
Ligue 1,2025-01-11,Reims,Nice,2,4,A,Nice
Ligue 1,2025-01-11,Rennes,Marseille,1,2,A,Marseille
Ligue 1,2025-01-12,Le Havre,Lens,1,2,A,Lens
Ligue 1,2025-01-12,Montpellier,Angers,1,3,A,Angers
Ligue 1,2025-01-12,Toulouse,Strasbourg,1,2,A,Strasbourg
Ligue 1,2025-01-12,Paris SG,St Etienne,2,1,H,Paris SG
Ligue 1,2025-01-17,Montpellier,Monaco,2,1,H,Montpellier
Ligue 1,2025-01-17,Lille,Nice,2,1,H,Lille
Ligue 1,2025-01-18,Lens,Paris SG,1,2,A,Paris SG
Ligue 1,2025-01-18,Rennes,Brest,1,2,A,Brest
Ligue 1,2025-01-18,Lyon,Toulouse,0,0,D,Draw
Ligue 1,2025-01-19,St Etienne,Nantes,1,1,D,Draw
Ligue 1,2025-01-19,Angers,Auxerre,2,0,H,Angers
Ligue 1,2025-01-19,Reims,Le Havre,1,1,D,Draw
Ligue 1,2025-01-19,Marseille,Strasbourg,1,1,D,Draw
Ligue 1,2025-01-24,Auxerre,St Etienne,1,1,D,Draw
Ligue 1,2025-01-25,Monaco,Rennes,3,2,H,Monaco
Ligue 1,2025-01-25,Strasbourg,Lille,2,1,H,Strasbourg
Ligue 1,2025-01-25,Paris SG,Reims,1,1,D,Draw
Ligue 1,2025-01-26,Le Havre,Brest,0,1,A,Brest
Ligue 1,2025-01-26,Lens,Angers,1,0,H,Lens
Ligue 1,2025-01-26,Nantes,Lyon,1,1,D,Draw
Ligue 1,2025-01-26,Toulouse,Montpellier,1,2,A,Montpellier
Ligue 1,2025-01-26,Nice,Marseille,2,0,H,Nice
Ligue 1,2025-01-31,Montpellier,Lens,0,2,A,Lens
Ligue 1,2025-02-01,Brest,Paris SG,2,5,A,Paris SG
Ligue 1,2025-02-01,Monaco,Auxerre,4,2,H,Monaco
Ligue 1,2025-02-01,Lille,St Etienne,4,1,H,Lille
Ligue 1,2025-02-02,Toulouse,Nice,1,1,D,Draw
Ligue 1,2025-02-02,Angers,Le Havre,1,1,D,Draw
Ligue 1,2025-02-02,Reims,Nantes,1,2,A,Nantes
Ligue 1,2025-02-02,Rennes,Strasbourg,1,0,H,Rennes
Ligue 1,2025-02-02,Marseille,Lyon,3,2,H,Marseille
Ligue 1,2025-02-07,Nantes,Brest,0,2,A,Brest
Ligue 1,2025-02-07,Paris SG,Monaco,4,1,H,Paris SG
Ligue 1,2025-02-08,Nice,Lens,2,0,H,Nice
Ligue 1,2025-02-08,Lille,Le Havre,1,2,A,Le Havre
Ligue 1,2025-02-08,St Etienne,Rennes,0,2,A,Rennes
Ligue 1,2025-02-09,Lyon,Reims,4,0,H,Lyon
Ligue 1,2025-02-09,Auxerre,Toulouse,2,2,D,Draw
Ligue 1,2025-02-09,Strasbourg,Montpellier,2,0,H,Strasbourg
Ligue 1,2025-02-09,Angers,Marseille,0,2,A,Marseille
Ligue 1,2025-02-14,Brest,Auxerre,2,2,D,Draw
Ligue 1,2025-02-15,Marseille,St Etienne,5,1,H,Marseille
Ligue 1,2025-02-15,Monaco,Nantes,7,1,H,Monaco
Ligue 1,2025-02-15,Toulouse,Paris SG,0,1,A,Paris SG
Ligue 1,2025-02-16,Montpellier,Lyon,1,4,A,Lyon
Ligue 1,2025-02-16,Le Havre,Nice,1,3,A,Nice
Ligue 1,2025-02-16,Lens,Strasbourg,0,2,A,Strasbourg
Ligue 1,2025-02-16,Reims,Angers,0,1,A,Angers
Ligue 1,2025-02-16,Rennes,Lille,0,2,A,Lille
Ligue 1,2025-02-21,Rennes,Reims,1,0,H,Rennes
Ligue 1,2025-02-22,Lille,Monaco,2,1,H,Lille
Ligue 1,2025-02-22,St Etienne,Angers,3,3,D,Draw
Ligue 1,2025-02-22,Auxerre,Marseille,3,0,H,Auxerre
Ligue 1,2025-02-23,Nantes,Lens,3,1,H,Nantes
Ligue 1,2025-02-23,Le Havre,Toulouse,1,4,A,Toulouse
Ligue 1,2025-02-23,Nice,Montpellier,2,0,H,Nice
Ligue 1,2025-02-23,Strasbourg,Brest,0,0,D,Draw
Ligue 1,2025-02-23,Lyon,Paris SG,2,3,A,Paris SG
Ligue 1,2025-02-28,Monaco,Reims,3,0,H,Monaco
Ligue 1,2025-03-01,St Etienne,Nice,1,3,A,Nice
Ligue 1,2025-03-01,Lens,Le Havre,3,4,A,Le Havre
Ligue 1,2025-03-01,Paris SG,Lille,4,1,H,Paris SG
Ligue 1,2025-03-02,Lyon,Brest,2,1,H,Lyon
Ligue 1,2025-03-02,Angers,Toulouse,0,4,A,Toulouse
Ligue 1,2025-03-02,Auxerre,Strasbourg,0,1,A,Strasbourg
Ligue 1,2025-03-02,Montpellier,Rennes,0,4,A,Rennes
Ligue 1,2025-03-02,Marseille,Nantes,2,0,H,Marseille
Ligue 1,2025-03-07,Toulouse,Monaco,1,1,D,Draw
Ligue 1,2025-03-08,Rennes,Paris SG,1,4,A,Paris SG
Ligue 1,2025-03-08,Lille,Montpellier,1,0,H,Lille
Ligue 1,2025-03-08,Marseille,Lens,0,1,A,Lens
Ligue 1,2025-03-09,Brest,Angers,2,0,H,Brest
Ligue 1,2025-03-09,Le Havre,St Etienne,1,1,D,Draw
Ligue 1,2025-03-09,Nantes,Strasbourg,0,1,A,Strasbourg
Ligue 1,2025-03-09,Reims,Auxerre,0,2,A,Auxerre
Ligue 1,2025-03-09,Nice,Lyon,0,2,A,Lyon
Ligue 1,2025-03-14,Nice,Auxerre,1,1,D,Draw
Ligue 1,2025-03-15,Nantes,Lille,1,0,H,Nantes
Ligue 1,2025-03-15,Angers,Monaco,0,2,A,Monaco
Ligue 1,2025-03-15,Lens,Rennes,1,0,H,Lens
Ligue 1,2025-03-16,Lyon,Le Havre,4,2,H,Lyon
Ligue 1,2025-03-16,Brest,Reims,0,0,D,Draw
Ligue 1,2025-03-16,Montpellier,St Etienne,0,2,A,St Etienne
Ligue 1,2025-03-16,Strasbourg,Toulouse,2,1,H,Strasbourg
Ligue 1,2025-03-16,Paris SG,Marseille,3,1,H,Paris SG
Ligue 1,2025-03-28,Strasbourg,Lyon,4,2,H,Strasbourg
Ligue 1,2025-03-29,Reims,Marseille,3,1,H,Reims
Ligue 1,2025-03-29,St Etienne,Paris SG,1,6,A,Paris SG
Ligue 1,2025-03-29,Monaco,Nice,2,1,H,Monaco
Ligue 1,2025-03-30,Toulouse,Brest,2,4,A,Brest
Ligue 1,2025-03-30,Angers,Rennes,0,3,A,Rennes
Ligue 1,2025-03-30,Auxerre,Montpellier,1,0,H,Auxerre
Ligue 1,2025-03-30,Le Havre,Nantes,3,2,H,Le Havre
Ligue 1,2025-03-30,Lille,Lens,1,0,H,Lille
Ligue 1,2025-04-04,Nice,Nantes,1,2,A,Nantes
Ligue 1,2025-04-05,Paris SG,Angers,1,0,H,Paris SG
Ligue 1,2025-04-05,Brest,Monaco,2,1,H,Brest
Ligue 1,2025-04-05,Lyon,Lille,2,1,H,Lyon
Ligue 1,2025-04-06,Lens,St Etienne,1,0,H,Lens
Ligue 1,2025-04-06,Montpellier,Le Havre,0,2,A,Le Havre
Ligue 1,2025-04-06,Reims,Strasbourg,0,1,A,Strasbourg
Ligue 1,2025-04-06,Rennes,Auxerre,0,1,A,Auxerre
Ligue 1,2025-04-06,Marseille,Toulouse,3,2,H,Marseille
Ligue 1,2025-04-11,Lens,Reims,0,2,A,Reims
Ligue 1,2025-04-12,Monaco,Marseille,3,0,H,Monaco
Ligue 1,2025-04-12,Toulouse,Lille,1,2,A,Lille
Ligue 1,2025-04-12,Strasbourg,Nice,2,2,D,Draw
Ligue 1,2025-04-13,St Etienne,Brest,3,3,D,Draw
Ligue 1,2025-04-13,Angers,Montpellier,2,0,H,Angers
Ligue 1,2025-04-13,Le Havre,Rennes,1,5,A,Rennes
Ligue 1,2025-04-13,Auxerre,Lyon,1,3,A,Lyon
Ligue 1,2025-04-18,Rennes,Nantes,2,1,H,Rennes
Ligue 1,2025-04-19,Paris SG,Le Havre,2,1,H,Paris SG
Ligue 1,2025-04-19,Monaco,Strasbourg,0,0,D,Draw
Ligue 1,2025-04-19,Marseille,Montpellier,5,1,H,Marseille
Ligue 1,2025-04-20,Lille,Auxerre,3,1,H,Lille
Ligue 1,2025-04-20,Brest,Lens,1,3,A,Lens
Ligue 1,2025-04-20,Nice,Angers,2,1,H,Nice
Ligue 1,2025-04-20,Reims,Toulouse,1,0,H,Reims
Ligue 1,2025-04-20,St Etienne,Lyon,2,1,H,St Etienne
Ligue 1,2025-04-22,Nantes,Paris SG,1,1,D,Draw
Ligue 1,2025-04-25,Paris SG,Nice,1,3,A,Nice
Ligue 1,2025-04-26,Strasbourg,St Etienne,3,1,H,Strasbourg
Ligue 1,2025-04-26,Le Havre,Monaco,1,1,D,Draw
Ligue 1,2025-04-26,Lyon,Rennes,4,1,H,Lyon
Ligue 1,2025-04-27,Angers,Lille,0,2,A,Lille
Ligue 1,2025-04-27,Lens,Auxerre,0,4,A,Auxerre
Ligue 1,2025-04-27,Montpellier,Reims,0,0,D,Draw
Ligue 1,2025-04-27,Nantes,Toulouse,0,0,D,Draw
Ligue 1,2025-04-27,Marseille,Brest,4,1,H,Marseille
Ligue 1,2025-05-02,Nice,Reims,1,0,H,Nice
Ligue 1,2025-05-03,Strasbourg,Paris SG,2,1,H,Strasbourg
Ligue 1,2025-05-03,Toulouse,Rennes,2,1,H,Toulouse
Ligue 1,2025-05-03,St Etienne,Monaco,1,3,A,Monaco
Ligue 1,2025-05-04,Nantes,Angers,0,1,A,Angers
Ligue 1,2025-05-04,Auxerre,Le Havre,1,2,A,Le Havre
Ligue 1,2025-05-04,Brest,Montpellier,1,0,H,Brest
Ligue 1,2025-05-04,Lyon,Lens,1,2,A,Lens
Ligue 1,2025-05-04,Lille,Marseille,1,1,D,Draw
Ligue 1,2025-05-10,Angers,Strasbourg,2,1,H,Angers
Ligue 1,2025-05-10,Auxerre,Nantes,1,1,D,Draw
Ligue 1,2025-05-10,Brest,Lille,2,0,H,Brest
Ligue 1,2025-05-10,Le Havre,Marseille,1,3,A,Marseille
Ligue 1,2025-05-10,Monaco,Lyon,2,0,H,Monaco
Ligue 1,2025-05-10,Montpellier,Paris SG,1,4,A,Paris SG
Ligue 1,2025-05-10,Reims,St Etienne,0,2,A,St Etienne
Ligue 1,2025-05-10,Rennes,Nice,2,0,H,Rennes
Ligue 1,2025-05-10,Toulouse,Lens,1,1,D,Draw
Ligue 1,2025-05-17,Lens,Monaco,4,0,H,Lens
Ligue 1,2025-05-17,Lille,Reims,2,1,H,Lille
Ligue 1,2025-05-17,Lyon,Angers,2,0,H,Lyon
Ligue 1,2025-05-17,Marseille,Rennes,4,2,H,Marseille
Ligue 1,2025-05-17,Nantes,Montpellier,3,0,H,Nantes
Ligue 1,2025-05-17,Nice,Brest,6,0,H,Nice
Ligue 1,2025-05-17,Paris SG,Auxerre,3,1,H,Paris SG
Ligue 1,2025-05-17,St Etienne,Toulouse,2,3,A,Toulouse
Ligue 1,2025-05-17,Strasbourg,Le Havre,2,3,A,Le Havre
